AA,,,,,,
acid,,,,,,
alpha,,,,,,
alpha1beta2gamma1,,,,,,
alpha2beta2gamma1,,,,,,
antigen,,,,,,
beta,,,,,,
CA,,,,,,
CTD,,,,,,
D2,,,,,,
DCs,,,,,,
DeltaNp63alpha,,,,,,
docking,,,,,,
duration,,,,,,
EC,,,,,,
FA,,,,,,
Fig,,,,,,
gain,,,,,,
GFP,,,,,,
heat,,,,,,
HFD,,,,,,
HSC,,,,,,
II,,,,,,
injury,,,,,,
IP,,,,,,
KD,,,,,,
KO,,,,,,
light,,,,,,
LTR,,,,,,
luciferase,,,,,,
M2,,,,,,
MAP,,,,,,
matrix,,,,,,
mM,,,,,,
NB,,,,,,
OS,,,,,,
PC,,,,,,
PC3,,,,,,
result,,,,,,
salt,,,,,,
SMC,,,,,,
smoke,,,,,,
SNF,,,,,,
SP,,,,,,
step,,,,,,
Tyr,,,,,,
tyrosine,,,,,,
UVB,,,,,,
water,,,,,,
