BEL	14-3-3 Family	p14_3_3
BEL	9-1-1 Complex	9_1_1
BEL	ACAD Family	ACAD
BEL	Acetyl CoA Carboxylase Complex	ACC
BEL	Acetyl-CoA Synthetase Family	Acetyl_CoA_synthetase
BEL	ACOX Family	ACOX
BEL	ACSL Family	ACSL
BEL	ACT Family	Actin
BEL	ACTN Family	ACTN
BEL	Adaptor Protein III Complex	Adaptor_protein_III
BEL	ADCY Family	ADCY
BEL	ADH Family	ADH
BEL	ADRA Family	ADRA
BEL	ADRA2 Family	ADRA2
BEL	ADRB Family	ADRB
BEL	ADRBK Family	ADRBK
BEL	AKT Family	AKT
BEL	ALDH Family	ALDH
BEL	ALDO Family	ALDO
BEL	AMP Activated Protein Kinase Complex	AMPK
BEL	Annexin II Heterotetramer Complex	Annexin_II_heterotetramer
BEL	AP-1 Complex	AP1
BEL	APOA Family	APOA
BEL	Arp2/3 Protein Complex	Arp2_3_protein
BEL	ARRB Family	ARRB
BEL	ATP2A Family	SERCA
BEL	ATP5G Family	ATP5G
BEL	AXIN Family	AXIN
BEL	BIRC Family	BIRC
BEL	BMP Family	BMP
BEL	BMP Receptor Type I Family	BMP_receptor_type_I
BEL	BMP Receptor Type II Family	BMP_receptor_type_II
BEL	Branched Chain Alpha Keto Acid Dehydrogenase Complex	BCKDC
BEL	C1 Complex	C1
BEL	C1q Complex	C1q
BEL	Calcineurin Complex	PPP3
BEL	CALM Family	CALM
BEL	CAMK Family	CAMK
BEL	CAMK2 Complex	CAMK2_complex
BEL	CAMK2 Family	CAMK2_family
BEL	CAPN Family	CAPN
BEL	Carboxylesterase Family	Carboxylesterase
BEL	CASP Family	Caspase
BEL	CAV Family	CAV
BEL	CBF3 Complex	CBF3
BEL	CCNA Family	Cyclin_A
BEL	CCND Family	Cyclin_D
BEL	CCNE Family	Cyclin_E
BEL	CCT Complex	CCT_complex
BEL	CD16 Family	CD16
BEL	CD3 Complex	CD3
BEL	CD32 Family	CD32
BEL	CD64 Family	CD64
BEL	CDC25 Family	CDC25
BEL	CDH Family	Cadherin
BEL	CEBP Family	CEBP
BEL	Chemokine Receptor Family	Chemokine_receptor
BEL	Cholinesterase Family	Cholinesterase
BEL	CHRM Family	CHRM
BEL	CHRN Complex	CHRN
BEL	CK II Complex	CK2
BEL	Clathrin Complex	Clathrin
BEL	Cohesin Complex	Cohesin
BEL	COL1 Family	COL1
BEL	COL4 Family	COL4
BEL	COL5 Family	COL5
BEL	COX4 Family	COX4
BEL	COX6A Family	COX6A
BEL	COX6B Family	COX6B
BEL	COX7A Family	COX7A
BEL	COX7B Family	COX7B
BEL	COX8 Family	COX8
BEL	CREB Family	CREB
BEL	CRISP Family	CRISP
BEL	CRSP Complex	CRSP
BEL	CSNK1 Family	CSNK1
BEL	CSNK2 Family	CSNK2
BEL	CTNNA Family	CTNNA
BEL	Cu-Zn SOD Family	SOD
BEL	CUL Family	CUL
BEL	CXCL ELR-Negative Family	CXCL_ELR_negative
BEL	CXCL ELR-Positive Family	CXCL_ELR_positive
BEL	Cyclophilin Family	Cyclophilin
BEL	Cytochrome C Oxidase Complex Muscle	COX
BEL	Cytochrome C Oxidase Complex Non Muscle	COX
BEL	Cytoplasmic Dynein Complex	Cytoplasmic_dynein
BEL	DDR Family	DDR
BEL	Desmoglein Family	Desmoglein
BEL	DGK Family	DGK
BEL	DNA Polymerase delta Complex	DNA_polymerase_delta
BEL	DNM Family	DNM
BEL	DRD Family	DRD
BEL	DVL Family	DVL
BEL	Dystrophin Associated Glycoprotein Complex	DGC
BEL	E2F Family	E2F
BEL	EDN Family	EDN
BEL	EGFR Ligand Family	EGFR_ligand
BEL	EGFR/ERBB Family	ERBB
BEL	EGR Family	EGR
BEL	EIF2B Complex	EIF2B
BEL	EIF4A Family	EIF4A
BEL	EIF4EBP Family	EIF4EBP
BEL	ELA Family	ELA
BEL	ENO Family	ENO
BEL	Ephrin Receptor Family	Ephrin_receptor
BEL	EPN Family	EPN
BEL	ESR Family	ESR
BEL	ETS Family	ETS
BEL	FGF Family	FGF
BEL	FGFR Family	FGFR
BEL	Fibrinogen Complex	Fibrinogen
BEL	FLOT Family	FLOT
BEL	FLRT Family	FLRT
BEL	Follicle Stimulating Hormone Complex	FSH
BEL	FOXO Family	FOXO
BEL	FZD Family	FZD
BEL	GABR Family	GABR
BEL	gamma Secretase Complex	Gamma_secretase
BEL	GAS6 Receptor Family	GAS6_receptor
BEL	GATA Family	GATA
BEL	GNA Gq Family	G_q
BEL	GNA Gs Family	G_s
BEL	GNAI Family	G_i
BEL	GNB Family	G_beta
BEL	GNG Family	G_gamma
BEL	GPIT Complex	GPIT
BEL	GPX Family	GPX
BEL	GRIA Family	GRIA
BEL	GRK Family	GRK
BEL	GRM Family	GRM
BEL	GSK3 Family	GSK3
BEL	GST Family	GST
BEL	GTF2E Complex	GTF2E
BEL	GTF2F Complex	GTF2F
BEL	GUCY Family	GUCY
BEL	GYS Family	GYS
BEL	HDAC Class I Family	HDAC_I
BEL	HDAC Class II Family	HDAC_II
BEL	HDAC Family	HDAC
BEL	HDL Complex	HDL
BEL	Hedgehog Family	Hedgehog
BEL	Hemoglobin Complex	Hemoglobin
BEL	HES Family	HES
BEL	Histone Family	Histone
BEL	Histone H1 Family	Histone_H1
BEL	Histone H2A Family	Histone_H2A
BEL	Histone H2B Family	Histone_H2B
BEL	Histone H3 Family	Histone_H3
BEL	Histone H4 Family	Histone_H4
BEL	HLA-DR Family	HLA_DR
BEL	HMOX Family	HMOX
BEL	HSP90 Family	HSP90
BEL	HSPA Family	HSPA
BEL	HSPB Family	HSPB
BEL	Ib-V-IX Complex	GPIb_IX_V
BEL	IFNA Family	IFNA
BEL	IGFBP Family	IGFBP
BEL	IkappaB Kinase Complex	IKK_complex
BEL	IkappaB Kinase Family	IKK_family
BEL	IL1 Family	IL1
BEL	INS Family	INS
BEL	INSR Family	INSR
BEL	Interferon Gamma Receptor Complex	Interferon_gamma_receptor
BEL	IRS Family	IRS
BEL	IRX Family	IRX
BEL	JAK Family	JAK
BEL	Kinetochore Complex	Kinetochore
BEL	KLK Family	KLK
BEL	Laminin 1 Complex	Laminin_111
BEL	Laminin 5 Complex	Laminin_332
BEL	LDH Family	LDH
BEL	Luteinizing Hormone Complex	LH
BEL	MAF Family	MAF
BEL	MAPK Erk1/2 Family	ERK
BEL	MAPK Erk1/3 Family	ERK
BEL	MAPK JNK Family	JNK
BEL	MAPK p38 Family	p38
BEL	MEF2 Family	MEF2
BEL	MEK1/2 Family	MEK
BEL	Membrane Attack Complex	MAC
BEL	MMP Family	MMP
BEL	MYH Family	MYH
BEL	MYL Alkali Family	MYL_alkali
BEL	MYL Family	MYL
BEL	MYL Regulatory Family	MYL_regulatory
BEL	MYL Slow Family	MYL_slow
BEL	MYST Family	MYST
BEL	Na/K Exchanging ATPase Complex	Na_K_ATPase
BEL	NADH Dehydrogenase Complex	NADH_dehydrogenase
BEL	NADPH Oxidase Complex	NADPH_oxidase
BEL	NCOR Family	NCOR
BEL	NDRG Family	NDRG
BEL	NFAT Family	NFAT
BEL	Nfkb Complex	NFkappaB
BEL	Nfy Complex	NFY
BEL	NKD Family	NKD
BEL	NOS Family	NOS
BEL	NOTCH Family	Notch
BEL	NRG1/2 Family	NRG_1_2
BEL	NRG3/4 Family	NRG_3_4
BEL	NTRK Family	NTRK
BEL	p160/SRC Family	NCOA
BEL	P2RX Family	P2RX
BEL	P2RY Family	P2RY
BEL	p85/p110 PI3Kinase Complex	PI3K
BEL	PAK Family	PAK
BEL	PARV Family	PARV
BEL	PBX Family	PBX
BEL	PDE Family	PDE
BEL	PDE1 Family	PDE1
BEL	PDE3 Family	PDE3
BEL	PDE4 Family	PDE4
BEL	PDE6 Family	PDE6
BEL	PDGF Family	PDGF
BEL	PDGFR Family	PDGFR
BEL	PDK Family	PDK
BEL	PFN Family	PFN
BEL	Phosphorylase B Kinase Complex	PhK
BEL	PIK3C Class IA Family	PI3K_p110
BEL	PIK3R Class IA Family	PIK3R_I
BEL	PKI Family	PKI
BEL	PLA2 Family	PLA2
BEL	PLA2G2 Family	PLA2G2
BEL	PLC Family	PLC
BEL	PLCB Family	PLCB
BEL	PLCG Family	PLCG
BEL	PLD Family	PLD
BEL	PPAP2 Family	PPAP2
BEL	PPAR Family	PPAR
BEL	PPP1C Family	PPP1C
BEL	PPP1R Family	PPP1R
BEL	PPP2C Family	PPP2C
BEL	PPP2R Subunit A Family	PPP2R_A
BEL	PPP2R Subunit B Family	PPP2R_B
BEL	PPP3 Family	PPP3
BEL	PPP3C Family	PPP3C
BEL	PPP3R Family	PPP3R
BEL	PRC1 Maintenance Complex	PRC1_complex
BEL	PRC2 Initiation Complex	PRC2_complex
BEL	PRDX Family	PRDX
BEL	PRKA Family	PRKAC
BEL	PRKAA Family	AMPK_alpha
BEL	PRKAB Family	AMPK_beta
BEL	PRKAG Family	AMPK_gamma
BEL	PRKAR Family	PRKAR
BEL	PRKC Family	PKC
BEL	PRKG Family	PRKG
BEL	Propionyl CoA Carboxylase Complex	Propionyl_CoA_carboxylase
BEL	Proteasome Complex	Proteasome
BEL	Proton Transporting ATP Synthase Complex	ATP_synthase
BEL	PTGER Family	PTGER
BEL	Pyruvate Dehydrogenase Complex	PDH
BEL	RAB Family	RAB
BEL	RAC Family	RAC
BEL	RAF Family	RAF
BEL	RAR Family	RAR
BEL	RAS Family	RAS
BEL	Respiratory Chain Complex II	ETC_complex_II
BEL	Respiratory Chain Complex III	ETC_complex_III
BEL	RFC Complex	RFC
BEL	RFX Family	RFX
BEL	RHO Family	RHO
BEL	RNApo I Complex	RNApo_I
BEL	RNApo II Complex	RNApo_II
BEL	ROCK Family	ROCK
BEL	ROR Family	ROR
BEL	RPS6KA Family	P90RSK
BEL	RPS6KB Family	P70S6K
BEL	RXR Family	RXR
BEL	S100A Family	S100A
BEL	S1PR Family	S1PR
BEL	SAA Family	SAA
BEL	SCD Family	SCD
BEL	SERPINB Family	SERPINB
BEL	SLC2A Family	SLC2A
BEL	SMAD Family	SMAD
BEL	SMC1 Family	SMC1
BEL	SNAI Family	SNAI
BEL	SOS Family	SOS
BEL	SRC Family	SRC
BEL	SREBF Family	SREBF
BEL	STAT Family	STAT
BEL	STAT5 Family	STAT5
BEL	Sulfonylurea Receptor Family	Sulfonylurea_receptor
BEL	SWI/SNF Complex	SWI_SNF
BEL	TAP Family	TAP
BEL	TCF/LEF Family	TCF_LEF
BEL	TFAP2 Family	TFAP2
BEL	TFDP Family	TFDP
BEL	TGFB Family	TGFB
BEL	THBS Family	THBS
BEL	THR Family	THR
BEL	Thrombin Antithrombin Complex	Thrombin_antithrombin
BEL	TIF IB Complex	TIF_IB
BEL	TN Family	TN
BEL	TNFRSF Family	TNFRSF
BEL	TOP2 Family	TOP2
BEL	TORC2 Complex	mTORC2
BEL	Tryptase Family	Tryptase
BEL	TUBA Family	TUBA
BEL	TUBB Family	TUBB
BEL	TXN Family	TXN
BEL	TXNRD Family	TXNRD
BEL	UBE2 Family	UBE2
BEL	VAV Family	VAV
BEL	VEGF Family	VEGF
BEL	VEGFR Family	VEGFR
BEL	WNT Family	Wnt
ECCODE	1.1.1.1	ADH
ECCODE	1.11.1.15	PRDX
ECCODE	1.11.1.9	GPX
ECCODE	1.14.19.1	SCD
ECCODE	1.14.99.3	HMOX
ECCODE	1.2.1.3	ALDH
ECCODE	1.2.4.1	PDK
ECCODE	1.3.5.1	ETC_complex_II
ECCODE	1.3.8.7	ACAD
ECCODE	1.6.5.3	NADH_dehydrogenase
ECCODE	1.9.3.1	COX
ECCODE	2.3.2.23	UBE2
ECCODE	2.5.1.58	FNT
ECCODE	2.7.1.107	DGK
ECCODE	2.7.11.11	PKA
ECCODE	2.7.11.12	PRKG
ECCODE	2.7.11.13	PKC
ECCODE	2.7.11.16	GRK
ECCODE	2.7.11.17	CAMK
ECCODE	2.7.11.19	PhK
ECCODE	2.7.11.22	CDK
ECCODE	2.7.11.24	MAPK
ECCODE	2.7.11.25	MAP3K
ECCODE	2.7.11.31	AMPK
ECCODE	2.7.12.2	MAPK
ECCODE	3.1.1.1	Carboxylesterase
ECCODE	3.1.1.4	PLA2
ECCODE	3.1.4.-	PDE
ECCODE	3.1.4.4	PLD
ECCODE	3.4.21.35	KLK
ECCODE	3.4.21.59	Tryptase
ECCODE	3.4.25.1	Proteasome
ECCODE	3.5.1.98	HDAC
ECCODE	3.6.3.9	Na_K_ATPase
ECCODE	3.6.5.-	GTPase
ECCODE	4.1.2.13	ALDO
ECCODE	4.6.1.2	GUCY
ECCODE	6.4.1.2	ACC
ECCODE	6.4.1.3	Propionyl_CoA_carboxylase
GO	GO:0000145	EXOC
GO	GO:0000502	Proteasome
GO	GO:0000776	Kinetochore
GO	GO:0000930	TUBG
GO	GO:0004117	PDE1
GO	GO:0004198	CAPN
GO	GO:0004199	Caspase
GO	GO:0004886	RXR
GO	GO:0004890	GABR
GO	GO:0004931	P2RX
GO	GO:0004936	ADRA
GO	GO:0004937	ADRA
GO	GO:0004938	ADRA2
GO	GO:0004952	DRD
GO	GO:0005007	FGFR
GO	GO:0005035	Death_receptor
GO	GO:0005094	RhoGDI
GO	GO:0005096	GAP
GO	GO:0005154	EGFR_ligand
GO	GO:0005161	PDGF
GO	GO:0005162	FGF
GO	GO:0005172	VEGFR
GO	GO:0005355	SLC2A
GO	GO:0005577	Fibrinogen
GO	GO:0005579	MAC
GO	GO:0005584	COL1
GO	GO:0005587	COL4
GO	GO:0005588	COL5
GO	GO:0005610	Laminin_332
GO	GO:0005663	RFC
GO	GO:0005665	RNApo_II
GO	GO:0005673	GTF2E
GO	GO:0005674	GTF2F
GO	GO:0005680	APC_C
GO	GO:0005736	RNApo_I
GO	GO:0005832	CCT_complex
GO	GO:0005861	Troponin
GO	GO:0005868	Cytoplasmic_dynein
GO	GO:0005884	Actin
GO	GO:0005956	CK2
GO	GO:0008190	EIF4EBP
GO	GO:0008278	Cohesin
GO	GO:0008279	Cohesin
GO	GO:0008281	Sulfonylurea_receptor
GO	GO:0008433	GEF
GO	GO:0008599	PPP1
GO	GO:0016010	DGC
GO	GO:0016190	Clathrin
GO	GO:0016904	CHRN
GO	GO:0016914	FSH
GO	GO:0019787	UBE2
GO	GO:0031518	CBF3
GO	GO:0031931	mTORC1
GO	GO:0031941	F_actin
GO	GO:0032281	GRIA
GO	GO:0034364	HDL
GO	GO:0034666	Integrins
GO	GO:0034683	Integrins
GO	GO:0034687	Integrins
GO	GO:0035098	PRC2_complex
GO	GO:0035102	PRC1_complex
GO	GO:0038036	S1PR
GO	GO:0042555	MCM
GO	GO:0042825	TAP
GO	GO:0043509	Activin_A
GO	GO:0043511	Inhibin
GO	GO:0043625	DNA_polymerase_delta
GO	GO:0045275	ETC_complex_III
GO	GO:0048180	Activin
GO	GO:0070765	Gamma_secretase
GO	GO:1990779	GPIb_IX_V
IP	IPR000074	Apolipoprotein
IP	IPR000096	SAA
IP	IPR000162	GRM
IP	IPR000164	Histone_H3
IP	IPR000239	GRK
IP	IPR000308	p14_3_3
IP	IPR000320	Hedgehog
IP	IPR000381	Activin_B
IP	IPR000388	Sulfonylurea_receptor
IP	IPR000406	RhoGDI
IP	IPR000451	NFkappaB
IP	IPR000454	ATP5G
IP	IPR000469	G_12
IP	IPR000469	G_12_alpha
IP	IPR000491	Activin_A
IP	IPR000654	G_q
IP	IPR000654	G_q_alpha
IP	IPR000741	ALDO
IP	IPR000751	CDC25
IP	IPR000756	DGK
IP	IPR000889	GPX
IP	IPR000929	DRD
IP	IPR000941	ENO
IP	IPR000995	CHRM
IP	IPR000997	Cholinesterase
IP	IPR001090	Ephrin_receptor
IP	IPR001132	SMAD
IP	IPR001154	TOP2
IP	IPR001208	MCM
IP	IPR001217	STAT
IP	IPR001241	TOP2
IP	IPR001349	COX6A
IP	IPR001370	BIRC
IP	IPR001408	G_i
IP	IPR001408	G_i_alpha
IP	IPR001426	Ephrin_receptor
IP	IPR001429	P2RX
IP	IPR001442	COL4
IP	IPR001522	SCD
IP	IPR001612	CAV
IP	IPR001657	Hedgehog
IP	IPR001767	Hedgehog
IP	IPR001770	G_gamma
IP	IPR001928	EDN
IP	IPR001951	Histone_H4
IP	IPR002051	HMOX
IP	IPR002112	JUN_family
IP	IPR002117	p53_family
IP	IPR002138	Caspase
IP	IPR002194	CCT_complex
IP	IPR002205	TOP2
IP	IPR002209	FGF
IP	IPR002374	PRKG
IP	IPR002454	TUBG
IP	IPR002655	ACOX
IP	IPR002717	MYST
IP	IPR003000	HDAC_III
IP	IPR003074	PPAR
IP	IPR003084	HDAC
IP	IPR003084	HDAC_I
IP	IPR003113	PI3K_p110
IP	IPR003175	CDKN1
IP	IPR003205	COX8
IP	IPR003367	THBS
IP	IPR003502	IL1
IP	IPR003586	Hedgehog
IP	IPR003587	Hedgehog
IP	IPR004000	Actin
IP	IPR004030	NOS
IP	IPR004061	S1PR
IP	IPR004142	NDRG
IP	IPR004171	PKI
IP	IPR004203	COX4
IP	IPR004241	MAP1LC3
IP	IPR004766	Patched
IP	IPR004826	MAF
IP	IPR004979	TFAP2
IP	IPR005455	PFN
IP	IPR005542	PBX
IP	IPR005643	JUN_family
IP	IPR005782	SERCA
IP	IPR005817	Wnt
IP	IPR006019	SHC
IP	IPR006338	TXNRD
IP	IPR006828	AMPK_beta
IP	IPR008297	Notch
IP	IPR008349	ERK
IP	IPR008351	JNK
IP	IPR008352	p38
IP	IPR008366	NFAT
IP	IPR008433	COX7B
IP	IPR008606	EIF4EBP
IP	IPR008631	GYS
IP	IPR008859	THBS
IP	IPR009045	Hedgehog
IP	IPR009123	Desmoglein
IP	IPR010011	NCOA
IP	IPR010660	Notch
IP	IPR010991	p53_family
IP	IPR011039	GTF2F
IP	IPR011615	p53_family
IP	IPR011656	Notch
IP	IPR012144	NOS
IP	IPR012198	PRKAR
IP	IPR012233	PKC
IP	IPR012290	Fibrinogen
IP	IPR012345	STAT
IP	IPR012542	TOP2
IP	IPR013019	SMAD
IP	IPR013288	COX4
IP	IPR013506	TOP2
IP	IPR013537	ACC
IP	IPR013543	CAMK2_complex
IP	IPR013543	CAMK2_family
IP	IPR013558	TCF_LEF
IP	IPR013706	PDE1
IP	IPR013757	TOP2
IP	IPR013758	TOP2
IP	IPR013759	TOP2
IP	IPR013760	TOP2
IP	IPR013790	SMAD
IP	IPR013799	STAT
IP	IPR013800	STAT
IP	IPR013801	STAT
IP	IPR013854	TFAP2
IP	IPR013871	CRISP
IP	IPR014788	Cholinesterase
IP	IPR014920	NCOA
IP	IPR014935	NCOA
IP	IPR014936	AXIN
IP	IPR015008	ROCK
IP	IPR015015	ABL_family
IP	IPR015451	Cyclin_D
IP	IPR015583	PDGF_BB
IP	IPR015588	IFNB
IP	IPR015615	TGFB
IP	IPR015633	E2F
IP	IPR015679	PLD
IP	IPR015876	SCD
IP	IPR015988	STAT
IP	IPR016053	HMOX
IP	IPR016072	CBF3
IP	IPR016084	HMOX
IP	IPR016239	P90RSK
IP	IPR016245	ERBB
IP	IPR016246	INSR
IP	IPR016247	ROR
IP	IPR016248	FGFR
IP	IPR016251	JAK
IP	IPR016257	Ephrin_receptor
IP	IPR016279	PLCG
IP	IPR016280	PLCB
IP	IPR016311	ETS
IP	IPR016319	TGFB
IP	IPR016346	G_beta
IP	IPR016897	CBF3
IP	IPR017348	PIM
IP	IPR017426	NCOA
IP	IPR017897	THBS
IP	IPR017904	Cofilin
IP	IPR018161	Wnt
IP	IPR018207	HMOX
IP	IPR018361	CAV
IP	IPR018507	COX6A
IP	IPR018522	TOP2
IP	IPR019764	EDN
IP	IPR020475	EDN
IP	IPR020537	ATP5G
IP	IPR020684	ROCK
IP	IPR020777	NTRK
IP	IPR020810	ENO
IP	IPR020811	ENO
IP	IPR022684	CAPN
IP	IPR023272	COX7B
IP	IPR023337	SPRED
IP	IPR023409	p14_3_3
IP	IPR023410	p14_3_3
IP	IPR024940	TCF_LEF
IP	IPR024946	TOP2
IP	IPR025561	KSR
IP	IPR026590	HDAC_III
IP	IPR027288	PDGFR_BB
IP	IPR027290	PDGFR_AA
IP	IPR027309	P2RX
IP	IPR027705	FLOT
IP	IPR027707	Troponin_T
IP	IPR027936	Ephrin_receptor
IP	IPR028412	RAL
IP	IPR028433	PARV
IP	IPR028858	Cyclin_E
IP	IPR028974	THBS
IP	IPR028992	Hedgehog
IP	IPR029760	GPX
IP	IPR029768	ALDO
IP	IPR030492	NFkappaB
IP	IPR031327	MCM
IP	IPR031635	NTRK
IP	IPR031660	TOP2
IP	IPR031675	PPP1C
IP	IPR031905	FLOT
IP	IPR032067	FOXO
IP	IPR032101	AXIN
IP	IPR032270	AMPK_alpha
IP	IPR032640	AMPK_beta
IP	IPR033139	Caspase
IP	IPR033614	RASSF
IP	IPR033896	MEF2
IP	IPR033923	PAK
IP	IPR033926	NFkappaB
IP	IPR034117	CRISP
IP	IPR034157	TOP2
IP	IPR035014	PRKG
IP	IPR035023	PLCG
IP	IPR035024	PLCG
MEDSCAN	urn:agi-aopfc:0000094	CREB
MEDSCAN	urn:agi-aopfc:0000099	E2F
MEDSCAN	urn:agi-aopfc:0000105	GATA
MEDSCAN	urn:agi-aopfc:0000142	MAF
MEDSCAN	urn:agi-aopfc:0000143	MEF2
MEDSCAN	urn:agi-aopfc:0000150	NFE
MEDSCAN	urn:agi-aopfc:0000156	NFkappaB
MEDSCAN	urn:agi-aopfc:0000157	RFX
MEDSCAN	urn:agi-aopfc:0000159	SMAD
MEDSCAN	urn:agi-aopfc:0000163	STAT
MEDSCAN	urn:agi-aopfc:0000197	FZD
MEDSCAN	urn:agi-aopfc:0000252	DDR
MEDSCAN	urn:agi-aopfc:0000264	INSR
MEDSCAN	urn:agi-aopfc:0000278	NTRK
MEDSCAN	urn:agi-aopfc:0000279	Notch
MEDSCAN	urn:agi-aopfc:0000281	Patched
MEDSCAN	urn:agi-aopfc:0000286	ROR
MEDSCAN	urn:agi-aopfc:0000294	TGFBR
MEDSCAN	urn:agi-aopfc:0000295	TNFRSF
MEDSCAN	urn:agi-aopfc:0000296	TLR
MEDSCAN	urn:agi-aopfc:0000311	GPCR
MEDSCAN	urn:agi-aopfc:0000391	Chemokine
MEDSCAN	urn:agi-aopfc:0000423	TGFB
MEDSCAN	urn:agi-aopfc:0000426	Wnt
MEDSCAN	urn:agi-aopfc:0000434	GSK3
MEDSCAN	urn:agi-aopfc:0000439	AKT
MEDSCAN	urn:agi-aopfc:0000447	PI3K
MEDSCAN	urn:agi-aopfc:0000452	CALM
MEDSCAN	urn:agi-aopfc:0000455	PLA2
MEDSCAN	urn:agi-aopfc:0000458	ERK
MEDSCAN	urn:agi-aopfc:0000462	MEK
MEDSCAN	urn:agi-aopfc:0000464	JAK
MEDSCAN	urn:agi-aopfc:0000465	RAS
MEDSCAN	urn:agi-aopfc:0000468	PAK
MEDSCAN	urn:agi-aopfc:0000473	JNK
MEDSCAN	urn:agi-aopfc:0000477	p38
MEDSCAN	urn:agi-aopfc:0000479	NADPH_oxidase
MEDSCAN	urn:agi-aopfc:0000494	NOS
MEDSCAN	urn:agi-aopfc:0000499	RHO
MEDSCAN	urn:agi-aopfc:0000504	VAV
MEDSCAN	urn:agi-aopfc:0000509	SRC
MEDSCAN	urn:agi-aopfc:0000551	CDC25
MEDSCAN	urn:agi-aopfc:0000567	ABL_family
MEDSCAN	urn:agi-aopfc:0000571	APC_C
MEDSCAN	urn:agi-aopfc:0000585	IRS
MEDSCAN	urn:agi-aopfc:0000586	IGFBP
MEDSCAN	urn:agi-aopfc:0000587	Hedgehog
MEDSCAN	urn:agi-aopfc:0000615	IL1
MEDSCAN	urn:agi-aopfc:0000704	PDE6
MEDSCAN	urn:agi-complex:CaM%20kinase%20II	CAMK2_complex
MEDSCAN	urn:agi-complex:CD3%20complex	CD3
MEDSCAN	urn:agi-complex:CD8	CD8
MEDSCAN	urn:agi-complex:HIF-1	HIF1
MEDSCAN	urn:agi-complex:IFNGR	Interferon_gamma_receptor
MEDSCAN	urn:agi-complex:IKK%20complex	IKK_complex
MEDSCAN	urn:agi-complex:IL12	IL12
MEDSCAN	urn:agi-complex:inhibin%20A	Inhibin_A
MEDSCAN	urn:agi-complex:Luteinizing%20hormone	LH
MEDSCAN	urn:agi-complex:MAC-1%20(integrin)	Integrins
MEDSCAN	urn:agi-complex:NF-E2	NFE
MEDSCAN	urn:agi-complex:platelet%20derived%20growth%20factor%20AA	PDGF_AA
MEDSCAN	urn:agi-complex:platelet%20derived%20growth%20factor%20AB	PDGF_AB
MEDSCAN	urn:agi-complex:platelet%20derived%20growth%20factor%20BB	PDGF_BB
MEDSCAN	urn:agi-complex:prophash-047b61fab6d7e7445346cc84dafcb267	FZD
MEDSCAN	urn:agi-complex:prophash-0d528c29d63997f87f62e4fbd9f0b168	mTORC2
MEDSCAN	urn:agi-complex:prophash-0f8242e28423189d7ef714808fdcc121	Histone
MEDSCAN	urn:agi-complex:prophash-285b9ff3749679e4d6266406a20973aa	PI3K
MEDSCAN	urn:agi-complex:prophash-2b612daa76feb2db86ff39e70449df6b	PRC2_complex
MEDSCAN	urn:agi-complex:prophash-2de597c3f4a807f3caeaf02e5f93ce15	STAT
MEDSCAN	urn:agi-complex:prophash-40bc2e4348830d6f7bdacd573fd7c388	E2F
MEDSCAN	urn:agi-complex:prophash-44f61960049704dc2afb23ff7c324b85	HIF1
MEDSCAN	urn:agi-complex:prophash-4dda466320b1a32b046d823accadbaee	CDK
MEDSCAN	urn:agi-complex:prophash-50bd08479c3770278693a51fe379babd	Ubiquitin
MEDSCAN	urn:agi-complex:prophash-72ef5fc0ab431a39e0e2915bf55b6e28	SMAD
MEDSCAN	urn:agi-complex:prophash-7629c2cdfdf4908b72f13917a7c1551e	RFC
MEDSCAN	urn:agi-complex:prophash-763d31b31e177311583df0ac1ea015da	GPCR
MEDSCAN	urn:agi-complex:prophash-7e8823afb9ca7870b95633dcb782500b	HDAC
MEDSCAN	urn:agi-complex:prophash-8a9e47ee0ee03d8d8b6e029e2fba6896	Cadherin
MEDSCAN	urn:agi-complex:prophash-8cfce9bfac3857e6f068d517deadfeaa	NFkappaB
MEDSCAN	urn:agi-complex:prophash-8d885376e30916afd0b47ccf1b044e75	JUN_family
MEDSCAN	urn:agi-complex:prophash-90a087d4e73b3992c65edfd9f71c6802	Tubulin
MEDSCAN	urn:agi-complex:prophash-9e456bf1de2c5eb1107156c96a1450e6	TGFBR
MEDSCAN	urn:agi-complex:prophash-aba0c4130764ae7a26054736114e65cd	PRC1_complex
MEDSCAN	urn:agi-complex:prophash-bd459ca2937257c9e3f2b75abf22f422	RXR
MEDSCAN	urn:agi-complex:prophash-c3bac0781a4430da4cf6721b8f7537d9	CUL
MEDSCAN	urn:agi-complex:prophash-cd6413d79122d5489ee4b4e339245b61	CCT_complex
MEDSCAN	urn:agi-complex:prophash-d39afef40daf23ad8376b53904c7092c	PPP1
MEDSCAN	urn:agi-complex:prophash-d9fbae788d60df23b6be4a3ead2cbab4	RNApo_II
MEDSCAN	urn:agi-complex:prophash-dd63d0a558770b12c9149b4955828f35	APC_C
MEDSCAN	urn:agi-complex:prophash-e4ec238e69c3d3292966ac97dbc11086	Troponin
MEDSCAN	urn:agi-complex:prophash-e6be10f6a8e79aed1daa4ec2ac191db1	MCM
MEDSCAN	urn:agi-complex:prophash-e9fbfd73e486bda4d99b348f72bb4196	GTPase
MEDSCAN	urn:agi-complex:prophash-f2e03d3bf1f747adab17ce77b9b5e5b3	PPP2
MEDSCAN	urn:agi-complex:prophash-f472fef3f59301aee0b776702a30f03e	mTORC1
MEDSCAN	urn:agi-complex:prophash-f7a9dc05e48afd7a93466cfbd5504861	SWI_SNF
MEDSCAN	urn:agi-complex:prophash-f7e292d6e30998b81cf5f772ab430f11	CALM
MEDSCAN	urn:agi-complex:protein%20phosphatase%203	PPP3
MEDSCAN	urn:agi-complex:protein%20phosphatase%20type%201%20complex	PPP1
MEDSCAN	urn:agi-complex:protein%20phosphatase%20type%202A%20complex	PPP2
MEDSCAN	urn:agi-complex:SMAD2%2f3	SMAD2_3
MEDSCAN	urn:agi-protfc:14-3-3	p14_3_3
MEDSCAN	urn:agi-protfc:actins	Actin
MEDSCAN	urn:agi-protfc:AMPK	AMPK
MEDSCAN	urn:agi-protfc:apolipoprotein	Apolipoprotein
MEDSCAN	urn:agi-protfc:bone%20morphogenetic%20protein%20I%20receptor	BMP_receptor_type_I
MEDSCAN	urn:agi-protfc:cadherin	Cadherin
MEDSCAN	urn:agi-protfc:casein%20kinase%20I	CSNK1
MEDSCAN	urn:agi-protfc:caveolin	CAV
MEDSCAN	urn:agi-protfc:checkpoint%20kinase	CHEK
MEDSCAN	urn:agi-protfc:chromatin%20remodeling%20complex	SWI_SNF
MEDSCAN	urn:agi-protfc:class%20c%20orphan%20receptor	GPCR
MEDSCAN	urn:agi-protfc:cullin	CUL
MEDSCAN	urn:agi-protfc:cyclin	Cyclin
MEDSCAN	urn:agi-protfc:cyclophilins	Cyclophilin
MEDSCAN	urn:agi-protfc:cytosolic%20phospholipase%20a2	PLA2
MEDSCAN	urn:agi-protfc:desmoglein	Desmoglein
MEDSCAN	urn:agi-protfc:endothelin	EDN
MEDSCAN	urn:agi-protfc:F-actin-binding%20protein	F_actin
MEDSCAN	urn:agi-protfc:flotillin	FLOT
MEDSCAN	urn:agi-protfc:hemoglobin	Hemoglobin
MEDSCAN	urn:agi-protfc:histone%20H1	Histone_H1
MEDSCAN	urn:agi-protfc:histone%20H2A	Histone_H2A
MEDSCAN	urn:agi-protfc:histone%20H2B	Histone_H2B
MEDSCAN	urn:agi-protfc:histone%20H3	Histone_H3
MEDSCAN	urn:agi-protfc:histone%20H4	Histone_H4
MEDSCAN	urn:agi-protfc:histone	Histone
MEDSCAN	urn:agi-protfc:interferon	Interferon
MEDSCAN	urn:agi-protfc:kallikrein	KLK
MEDSCAN	urn:agi-protfc:mglur	GRM
MEDSCAN	urn:agi-protfc:myosin%20heavy%20chain	MYH
MEDSCAN	urn:agi-protfc:myosin%20light%20chain	MYL
MEDSCAN	urn:agi-protfc:neuregulin%20family	NRG
MEDSCAN	urn:agi-protfc:p2y%20receptor	P2RY
MEDSCAN	urn:agi-protfc:p70rsk	P70S6K
MEDSCAN	urn:agi-protfc:p90rsk	P90RSK
MEDSCAN	urn:agi-protfc:PDE4%20subfamily	PDE4
MEDSCAN	urn:agi-protfc:phosphodiesterase%20III	PDE3
MEDSCAN	urn:agi-protfc:ppar	PPAR
MEDSCAN	urn:agi-protfc:profilin	PFN
MEDSCAN	urn:agi-protfc:rab	RAB
MEDSCAN	urn:agi-protfc:sarcoplasmic%20reticulum%20calcium%20transporting%20adenosine%20triphosphatase	SERCA
MEDSCAN	urn:agi-protfc:shc%20protein	SHC
MEDSCAN	urn:agi-protfc:STAT5%20protein	STAT5
MEDSCAN	urn:agi-protfc:sterol%20regulatory%20element%20binding%20protein	SREBF
MEDSCAN	urn:agi-protfc:SWI%2fSNF%20family	SWI_SNF
MEDSCAN	urn:agi-protfc:thioredoxin	TXN
MEDSCAN	urn:agi-protfc:thrombospondins	THBS
MEDSCAN	urn:agi-protfc:tubulin	Tubulin
MEDSCAN	urn:agi-protfc:ubiquitin	Ubiquitin
MESH	C072194	PDGF_BB
MESH	D000199	Actin
MESH	D006657	Histone
MESH	D010749	Phosphatase
MESH	D011493	PKC
MESH	D011948	TCR
MESH	D018808	AP1
MESH	D018844	CDK
MESH	D020169	Caspase
MESH	D046988	Proteasome
NCIT	C104166	TUBB
NCIT	C104194	Cyclin_D
NCIT	C104197	Cyclin_E
NCIT	C104199	IKK_family
NCIT	C104238	CD64
NCIT	C104676	TN
NCIT	C105947	MAP2K
NCIT	C105952	APOA
NCIT	C107433	PDE4
NCIT	C107559	CK2
NCIT	C112049	ETC_complex_II
NCIT	C112051	Carboxylesterase
NCIT	C113839	HIF
NCIT	C116019	AMPK_alpha
NCIT	C118481	ALDH
NCIT	C118892	FOXO
NCIT	C120030	Tryptase
NCIT	C120493	Hedgehog
NCIT	C124129	COL1
NCIT	C126114	PLCG
NCIT	C126122	GPIb_IX_V
NCIT	C16258	Actin
NCIT	C16264	ADCY
NCIT	C16272	ADH
NCIT	C16373	Cadherin
NCIT	C16375	CALM
NCIT	C16376	ERK
NCIT	C16376	MAPK
NCIT	C16377	CAPN
NCIT	C16448	COL4
NCIT	C16479	PKA
NCIT	C16511	DNA_polymerase_delta
NCIT	C16641	GST
NCIT	C16650	GTPase
NCIT	C16653	GUCY
NCIT	C16676	Hemoglobin
NCIT	C16682	HDAC
NCIT	C16683	Histone_H1
NCIT	C16684	Histone_H2A
NCIT	C16685	Histone_H3
NCIT	C16686	Histone_H4
NCIT	C16687	Histone
NCIT	C16692	HLA_DR
NCIT	C16748	Integrins
NCIT	C16965	Protease
NCIT	C16979	PLA2
NCIT	C16981	Phosphatase
NCIT	C17017	PKC
NCIT	C17061	RAS
NCIT	C17062	ADRB
NCIT	C17065	TCR
NCIT	C17066	DRD
NCIT	C17072	INSR
NCIT	C17078	THR
NCIT	C17219	Tubulin
NCIT	C17227	Ubiquitin
NCIT	C17270	PI3K
NCIT	C17274	BMP
NCIT	C17286	CREB
NCIT	C17293	VEGFR
NCIT	C17297	FGFR
NCIT	C17298	GAP
NCIT	C17322	PDGFR
NCIT	C17343	Troponin_I
NCIT	C17349	Cyclin
NCIT	C17380	NFkappaB
NCIT	C17438	FOS_family
NCIT	C17450	AP1
NCIT	C17458	G_protein
NCIT	C17487	CD16
NCIT	C17494	GEF
NCIT	C17532	RAR
NCIT	C17534	RXR
NCIT	C17583	IKB
NCIT	C17660	RTK
NCIT	C17690	HIF1
NCIT	C17763	ERBB
NCIT	C17766	HSP90
NCIT	C17767	CDK
NCIT	C17903	NFAT
NCIT	C18153	Caspase
NCIT	C18162	EIF2B
NCIT	C18164	MMP
NCIT	C18239	GPCR
NCIT	C18308	CD32
NCIT	C18434	TOP2
NCIT	C18492	CDKN
NCIT	C18606	Ephrin_receptor
NCIT	C19275	G_i_alpha
NCIT	C19276	G_q_alpha
NCIT	C19618	STAT
NCIT	C19836	PLA2G4
NCIT	C19866	PRC1_complex
NCIT	C20448	PDGF
NCIT	C20450	VEGF
NCIT	C20456	Activin
NCIT	C20466	Chemokine
NCIT	C20493	Interferon
NCIT	C20495	IFNB
NCIT	C20506	IL1
NCIT	C20514	IL12
NCIT	C20591	SWI_SNF
NCIT	C2275	hCG
NCIT	C2276	Inhibin
NCIT	C2277	Inhibin_A
NCIT	C2278	Inhibin_B
NCIT	C25184	LDH
NCIT	C25186	HDL
NCIT	C26233	GRK
NCIT	C26360	ERK
NCIT	C28687	CRSP
NCIT	C38041	Troponin_T
NCIT	C38897	CD3
NCIT	C41625	AKT
NCIT	C52887	FOS_family
NCIT	C736	Pertussis_toxin
NCIT	C94701	AMPK
NCIT	C95114	Gamma_secretase
NCIT	C95947	RNApo_I
NCIT	C95948	RNApo_II
NCIT	C96314	mTORC1
NCIT	C96315	mTORC2
NXP	FA:00078	Actin
NXP	FA:00093	ACAD
NXP	FA:00209	TFAP2
NXP	FA:00406	CEBP
NXP	FA:00408	FOS_family
NXP	FA:00421	PPP3R
NXP	FA:00440	CALM
NXP	FA:00489	CAV
NXP	FA:00653	CNKSR
NXP	FA:00787	CUL
NXP	FA:00803	PDE3
NXP	FA:00804	PDE4
NXP	FA:00815	Cyclin
NXP	FA:00818	Cyclin_D
NXP	FA:00819	Cyclin_E
NXP	FA:00921	EIF4A
NXP	FA:01112	ENO
NXP	FA:01121	EPN
NXP	FA:01400	G_gamma
NXP	FA:01553	GPX
NXP	FA:01669	GST
NXP	FA:01729	Hedgehog
NXP	FA:01762	Histone_H2A
NXP	FA:01764	Histone_H3
NXP	FA:01765	Histone_H4
NXP	FA:01820	IL1
NXP	FA:01869	INS
NXP	FA:02022	LDH
NXP	FA:02159	SLC2A
NXP	FA:02187	MCM
NXP	FA:02504	NOS
NXP	FA:02506	Notch
NXP	FA:02630	P2RX
NXP	FA:02632	p53_family
NXP	FA:02660	PARV
NXP	FA:02762	ELA
NXP	FA:02767	Tryptase
NXP	FA:02840	PLA2
NXP	FA:03001	PPP1
NXP	FA:03065	PKC
NXP	FA:03066	RAC
NXP	FA:03071	AMPK
NXP	FA:03072	CAMK
NXP	FA:03078	PIM
NXP	FA:03083	CSNK1
NXP	FA:03087	GSK3
NXP	FA:03101	CK2
NXP	FA:03104	IKK_family
NXP	FA:03114	RAF
NXP	FA:03124	Ephrin_receptor
NXP	FA:03128	INSR
NXP	FA:03129	JAK
NXP	FA:03130	ROR
NXP	FA:03131	SRC
NXP	FA:03483	SAA
NXP	FA:03579	SERPINB
NXP	FA:03661	RAB
NXP	FA:03663	RAS
NXP	FA:03668	RHO
NXP	FA:03672	SLRP
NXP	FA:03673	SLRP_1
NXP	FA:03674	SLRP_2
NXP	FA:03675	SLRP_3
NXP	FA:03676	SLRP_4
NXP	FA:03677	SLRP_5
NXP	FA:03686	SMC1
NXP	FA:03943	TCF_LEF
NXP	FA:03964	TN
NXP	FA:03989	TGFB
NXP	FA:04000	TXN
NXP	FA:04014	TIAM
NXP	FA:04239	Tubulin
NXP	FA:04243	TNF
NXP	FA:04276	Ubiquitin
NXP	FA:04282	UBE2
NXP	FA:04686	Wnt
NXP	FA:04773	RAP1
PF	PF00012	HSPA
PF	PF00022	Actin
PF	PF00028	Cadherin
PF	PF00066	Notch
PF	PF00071	RAS
PF	PF00110	Wnt
PF	PF00143	Interferon
PF	PF00146	NADH_dehydrogenase
PF	PF00167	FGF
PF	PF00178	ETS
PF	PF00183	HSP90
PF	PF00219	IGFBP
PF	PF00229	TNF
PF	PF00235	PFN
PF	PF00244	p14_3_3
PF	PF00255	GPX
PF	PF00277	SAA
PF	PF00320	GATA
PF	PF00322	EDN
PF	PF00340	IL1
PF	PF00465	ADH
PF	PF00493	MCM
PF	PF00503	G_alpha
PF	PF00616	RasGAP
PF	PF00644	PARP
PF	PF00656	Caspase
PF	PF00864	P2RX
PF	PF00870	p53_family
PF	PF00888	CUL
PF	PF00963	Cohesin
PF	PF01146	CAV
PF	PF01442	Apolipoprotein
PF	PF01534	FZD
PF	PF01756	ACOX
PF	PF02046	COX6A
PF	PF02158	NRG
PF	PF02174	IRS
PF	PF02234	CDKN
PF	PF02238	COX7A
PF	PF02285	COX8
PF	PF02297	COX6B
PF	PF02377	DVL
PF	PF02460	Patched
PF	PF02545	MAF
PF	PF02608	BMP
PF	PF02827	PKI
PF	PF02854	EIF4G
PF	PF02936	COX4
PF	PF03039	IL12
PF	PF03096	NDRG
PF	PF05392	COX7B
PF	PF08137	DVL
PF	PF08562	CRISP
PF	PF08841	DDR
PF	PF11413	HIF1
PF	PF12483	E3_Ub_ligase
PF	PF15975	FLOT
RE	R-HSA-1031694	CD64
RE	R-HSA-109631	GTF2F
RE	R-HSA-109633	GTF2E
RE	R-HSA-109782	RAS
RE	R-HSA-109783	RAS
RE	R-HSA-109796	RAS
RE	R-HSA-111854	PLCB
RE	R-HSA-111864	G_i
RE	R-HSA-111864	G_i_alpha
RE	R-HSA-111921	PRKAR
RE	R-HSA-111923	PRKAR
RE	R-HSA-111952	PDE1
RE	R-HSA-111953	PDE1
RE	R-HSA-111960	PDE4
RE	R-HSA-114525	G_12_alpha
RE	R-HSA-114534	G_q
RE	R-HSA-114534	G_q_alpha
RE	R-HSA-114547	G_12
RE	R-HSA-114556	G_q
RE	R-HSA-114556	G_q_alpha
RE	R-HSA-114617	Fibrinogen
RE	R-HSA-114618	Fibrinogen
RE	R-HSA-114657	TGFB
RE	R-HSA-114668	GPIb_IX_V
RE	R-HSA-1168365	PLCG
RE	R-HSA-1168621	IKK_complex
RE	R-HSA-1169086	PLCG
RE	R-HSA-1169089	PLCG
RE	R-HSA-1218829	HSP90AA
RE	R-HSA-1221657	HSP90AA
RE	R-HSA-1227956	NRG_1_2
RE	R-HSA-1227957	NRG
RE	R-HSA-1234130	HIF
RE	R-HSA-1234147	HIF_alpha
RE	R-HSA-1236898	CD64
RE	R-HSA-1236905	CD64
RE	R-HSA-1247495	NRG_1_2
RE	R-HSA-1248743	NRG_1_2
RE	R-HSA-1250100	p38
RE	R-HSA-1250102	p38
RE	R-HSA-1268261	ERK
RE	R-HSA-1362227	TFDP
RE	R-HSA-139848	P2RX
RE	R-HSA-139933	Fibrinogen
RE	R-HSA-139934	Fibrinogen
RE	R-HSA-140586	Fibrinogen
RE	R-HSA-140812	Thrombin_antithrombin
RE	R-HSA-140871	Thrombin_antithrombin
RE	R-HSA-140874	Thrombin_antithrombin
RE	R-HSA-140919	Fibrinogen
RE	R-HSA-1445138	p14_3_3
RE	R-HSA-1449672	Activin_B
RE	R-HSA-1449688	Inhibin
RE	R-HSA-1449698	Activin_AB
RE	R-HSA-1469978	STAT5
RE	R-HSA-1504201	DVL
RE	R-HSA-157462	Cyclin_E
RE	R-HSA-162690	GPIT
RE	R-HSA-163538	PPP1C
RE	R-HSA-163679	AMPK_A2B2G2
RE	R-HSA-163736	AMPK_A2B2G2
RE	R-HSA-163747	AMPK_A2B2G2
RE	R-HSA-165175	TSC
RE	R-HSA-165180	TSC
RE	R-HSA-1655720	SREBF
RE	R-HSA-1655725	SREBF
RE	R-HSA-1655726	SREBF
RE	R-HSA-1655730	SREBF
RE	R-HSA-1655732	SREBF
RE	R-HSA-1655734	SREBF
RE	R-HSA-165631	ETC_complex_II
RE	R-HSA-165990	PPP2R_A
RE	R-HSA-165997	PPP2R_A
RE	R-HSA-167023	SHC
RE	R-HSA-167204	RAS
RE	R-HSA-167215	SOS
RE	R-HSA-167409	G_beta
RE	R-HSA-167410	G_i
RE	R-HSA-167410	G_i_alpha
RE	R-HSA-167413	G_i
RE	R-HSA-167413	G_i_alpha
RE	R-HSA-167438	G_i
RE	R-HSA-167438	G_i_alpha
RE	R-HSA-167442	G_gamma
RE	R-HSA-1678828	EIF4G
RE	R-HSA-168113	IKK_complex
RE	R-HSA-169289	ERK
RE	R-HSA-169291	ERK
RE	R-HSA-170089	Cyclin_A
RE	R-HSA-170108	CDC25
RE	R-HSA-170994	RAL
RE	R-HSA-170998	RAL
RE	R-HSA-171016	p38
RE	R-HSA-171172	SMAD2_3
RE	R-HSA-171182	SMAD2_3
RE	R-HSA-173584	C1
RE	R-HSA-173615	C1
RE	R-HSA-173617	C1
RE	R-HSA-173728	MAC
RE	R-HSA-174074	Cyclin_A
RE	R-HSA-174454	RFC
RE	R-HSA-177105	SMAD2_3
RE	R-HSA-177656	NFkappaB_1
RE	R-HSA-177662	NFkappaB_1
RE	R-HSA-177663	IKK_complex
RE	R-HSA-179508	ALDO
RE	R-HSA-182582	Cyclin_D
RE	R-HSA-182700	Cyclin_D
RE	R-HSA-184196	PDGF_BB
RE	R-HSA-184198	PDGF_BB
RE	R-HSA-184203	PDGF_AA
RE	R-HSA-184204	PDGF_BB
RE	R-HSA-184206	PDGF_BB
RE	R-HSA-186769	PDGFR
RE	R-HSA-186769	PDGFR_AB
RE	R-HSA-186770	PDGFR
RE	R-HSA-186770	PDGFR_AB
RE	R-HSA-186791	PDGFR
RE	R-HSA-186791	PDGFR_AB
RE	R-HSA-186792	PDGFR
RE	R-HSA-186792	PDGFR_AB
RE	R-HSA-186799	PDGFR_BB
RE	R-HSA-186805	PDGFR_BB
RE	R-HSA-186816	PDGFR_AA
RE	R-HSA-186817	PDGFR_AA
RE	R-HSA-186821	PDGFR
RE	R-HSA-186821	PDGFR_AB
RE	R-HSA-187493	Cyclin_E
RE	R-HSA-189382	HMOX
RE	R-HSA-189828	p38
RE	R-HSA-1911410	ARRB
RE	R-HSA-1911440	Notch
RE	R-HSA-1911472	Notch
RE	R-HSA-1911474	Notch
RE	R-HSA-1911547	Notch
RE	R-HSA-1911550	Notch
RE	R-HSA-195361	VEGF
RE	R-HSA-195376	VEGF
RE	R-HSA-196206	PPP2
RE	R-HSA-198358	GSK3
RE	R-HSA-198373	GSK3
RE	R-HSA-198701	ERK
RE	R-HSA-198899	CD8
RE	R-HSA-200408	AMPK_A2B2G2
RE	R-HSA-200563	ACC
RE	R-HSA-201465	BMP_receptor_type_II
RE	R-HSA-201689	DVL
RE	R-HSA-201711	CK2
RE	R-HSA-201725	DVL
RE	R-HSA-201779	PPP3C
RE	R-HSA-201798	PPP3C
RE	R-HSA-201804	BMP_receptor_type_II
RE	R-HSA-202052	AKT
RE	R-HSA-202072	AKT
RE	R-HSA-202074	AKT
RE	R-HSA-202088	AKT
RE	R-HSA-202513	IKK_complex
RE	R-HSA-202562	IKK_complex
RE	R-HSA-202877	Caspase_3_7
RE	R-HSA-2029095	PLCG
RE	R-HSA-2029115	VAV
RE	R-HSA-203947	PDK
RE	R-HSA-206893	Activin_A
RE	R-HSA-2089970	COL1
RE	R-HSA-212420	Notch
RE	R-HSA-2127310	COL5
RE	R-HSA-2127389	COL4
RE	R-HSA-2127422	COL5
RE	R-HSA-2151208	AMPK_beta
RE	R-HSA-2151212	AMPK_gamma
RE	R-HSA-2151213	AMPK_alpha
RE	R-HSA-215989	Laminin_111
RE	R-HSA-216001	Laminin_332
RE	R-HSA-2176482	SMAD2_3
RE	R-HSA-2187329	SMAD2_3
RE	R-HSA-2187387	SMAD2_3
RE	R-HSA-2213185	DNM
RE	R-HSA-2220790	Laminin_332
RE	R-HSA-2316451	AMPK_gamma
RE	R-HSA-2317310	AKT
RE	R-HSA-2317317	AKT
RE	R-HSA-2317329	AKT
RE	R-HSA-2395330	TGFB
RE	R-HSA-2396039	COL1
RE	R-HSA-2396161	COL1
RE	R-HSA-2396179	COL1
RE	R-HSA-2396183	COL1
RE	R-HSA-2396256	COL1
RE	R-HSA-2396260	COL1
RE	R-HSA-2396334	COL1
RE	R-HSA-2396451	COL1
RE	R-HSA-2396456	COL1
RE	R-HSA-2396478	COL1
RE	R-HSA-2399520	COL1
RE	R-HSA-2399659	Laminin_332
RE	R-HSA-2400006	AKT
RE	R-HSA-2400013	AKT
RE	R-HSA-2422450	ERK
RE	R-HSA-2426131	NFY
RE	R-HSA-2426276	PDGF_BB
RE	R-HSA-2426371	Laminin_111
RE	R-HSA-2428941	COL1
RE	R-HSA-2445131	IRS
RE	R-HSA-2445139	IRS
RE	R-HSA-2457842	p14_3_3
RE	R-HSA-2470478	Activin
RE	R-HSA-2470478	Activin_AB
RE	R-HSA-2470491	Activin
RE	R-HSA-2470491	Activin_AB
RE	R-HSA-2470494	Activin
RE	R-HSA-2470494	Activin_AB
RE	R-HSA-2530496	FNT
RE	R-HSA-2533911	Laminin_332
RE	R-HSA-264974	EXOC
RE	R-HSA-2672035	TN
RE	R-HSA-2681744	TN
RE	R-HSA-2685653	PLCG
RE	R-HSA-2685656	RASGRP
RE	R-HSA-2990868	Cholinesterase
RE	R-HSA-2993807	Propionyl_CoA_carboxylase
RE	R-HSA-2993809	Propionyl_CoA_carboxylase
RE	R-HSA-3132719	ETS
RE	R-HSA-3132724	ETS
RE	R-HSA-3200029	ETS
RE	R-HSA-3238268	Wnt
RE	R-HSA-3238374	Wnt
RE	R-HSA-3247790	Wnt
RE	R-HSA-3247824	Wnt
RE	R-HSA-3247835	Wnt
RE	R-HSA-3299546	TCF_LEF
RE	R-HSA-3323122	Propionyl_CoA_carboxylase
RE	R-HSA-3323155	Propionyl_CoA_carboxylase
RE	R-HSA-3371429	HSP90A
RE	R-HSA-349716	NCOR
RE	R-HSA-3640819	AXIN
RE	R-HSA-3640837	Cholinesterase
RE	R-HSA-3640863	AXIN
RE	R-HSA-3656389	ERK
RE	R-HSA-374848	G_q
RE	R-HSA-374848	G_q_alpha
RE	R-HSA-376002	ABL_family
RE	R-HSA-3772407	DVL
RE	R-HSA-3772502	AXIN
RE	R-HSA-378941	hCG
RE	R-HSA-378947	FSH
RE	R-HSA-378969	LH
RE	R-HSA-380748	PDGF_BB
RE	R-HSA-380751	PDGF_BB
RE	R-HSA-380759	PDGF_AB
RE	R-HSA-380759	PDGF_BB
RE	R-HSA-380931	AMPK
RE	R-HSA-380934	AMPK
RE	R-HSA-380961	AMPK
RE	R-HSA-381204	NFY
RE	R-HSA-381844	AMPK_alpha
RE	R-HSA-381845	AMPK_alpha
RE	R-HSA-381851	AMPK_gamma
RE	R-HSA-381854	AMPK_beta
RE	R-HSA-381855	TSC
RE	R-HSA-381926	PDGF
RE	R-HSA-381930	PDGF_DD
RE	R-HSA-381935	PDGF_BB
RE	R-HSA-381936	PDGF
RE	R-HSA-381938	PDGF_BB
RE	R-HSA-381941	PDGF_CC
RE	R-HSA-3858467	DVL
RE	R-HSA-3858479	DVL
RE	R-HSA-387074	PDGF_BB
RE	R-HSA-388544	EDN
RE	R-HSA-390455	CCT_complex
RE	R-HSA-390474	CCT_complex
RE	R-HSA-390532	Troponin_C
RE	R-HSA-390541	Troponin_I
RE	R-HSA-390546	Troponin_T
RE	R-HSA-390583	Troponin
RE	R-HSA-390585	Troponin
RE	R-HSA-390587	Troponin_C
RE	R-HSA-390643	ADRB
RE	R-HSA-390664	ADRA2
RE	R-HSA-390670	ADRB
RE	R-HSA-390700	ADRA2
RE	R-HSA-392712	PDGF_BB
RE	R-HSA-399713	GRIA
RE	R-HSA-399987	G_q
RE	R-HSA-399987	G_q_alpha
RE	R-HSA-399992	G_q
RE	R-HSA-399992	G_q_alpha
RE	R-HSA-400000	G_q
RE	R-HSA-400000	G_q_alpha
RE	R-HSA-400008	G_q
RE	R-HSA-400008	G_q_alpha
RE	R-HSA-400062	G_gamma
RE	R-HSA-400093	G_beta
RE	R-HSA-416323	GRIA
RE	R-HSA-417004	CAMK2_complex
RE	R-HSA-417004	CAMK2_family
RE	R-HSA-418312	SERCA
RE	R-HSA-418379	PRKG
RE	R-HSA-418540	PDE7
RE	R-HSA-418541	PDE8
RE	R-HSA-418570	G_12
RE	R-HSA-418570	G_12_alpha
RE	R-HSA-418572	G_12
RE	R-HSA-418572	G_12_alpha
RE	R-HSA-419057	ROCK
RE	R-HSA-419160	RHO
RE	R-HSA-419161	RHO
RE	R-HSA-419164	RHO
RE	R-HSA-419294	NOS
RE	R-HSA-419346	S1PR
RE	R-HSA-419401	S1PR
RE	R-HSA-419619	HSP90A
RE	R-HSA-420516	GRM
RE	R-HSA-420519	GRM
RE	R-HSA-420974	GRIA
RE	R-HSA-421001	GRIA
RE	R-HSA-426070	DGK
RE	R-HSA-427905	SERCA
RE	R-HSA-428110	PPAP2
RE	R-HSA-428475	PAK
RE	R-HSA-429349	INS
RE	R-HSA-429352	INS
RE	R-HSA-429384	INS
RE	R-HSA-429407	INS
RE	R-HSA-429472	INS
RE	R-HSA-429842	EIF4A
RE	R-HSA-430172	VAV
RE	R-HSA-432792	CAMK2_complex
RE	R-HSA-432792	CAMK2_family
RE	R-HSA-434632	VAV
RE	R-HSA-442272	VAV
RE	R-HSA-442295	VAV
RE	R-HSA-442734	RASGRF
RE	R-HSA-444796	CAMK2_complex
RE	R-HSA-444796	CAMK2_family
RE	R-HSA-445134	Patched
RE	R-HSA-445374	CAMK2_complex
RE	R-HSA-445374	CAMK2_family
RE	R-HSA-445744	IL1
RE	R-HSA-446847	DNM
RE	R-HSA-446849	P90RSK
RE	R-HSA-447102	IL12
RE	R-HSA-448866	MEF2
RE	R-HSA-448868	MEF2
RE	R-HSA-450226	JNK
RE	R-HSA-450253	JNK
RE	R-HSA-450289	JNK
RE	R-HSA-451402	ACTN
RE	R-HSA-452094	STAT5
RE	R-HSA-4551456	PRKG
RE	R-HSA-4551462	PRKG
RE	R-HSA-4641132	AXIN
RE	R-HSA-4652685	DVL
RE	R-HSA-4687776	ROCK
RE	R-HSA-507919	STAT5
RE	R-HSA-507929	STAT5
RE	R-HSA-508012	STAT5
RE	R-HSA-5082395	HSP90A
RE	R-HSA-5082406	HSP90AA
RE	R-HSA-5083623	CSNK2
RE	R-HSA-5083624	CSNK2
RE	R-HSA-5138439	Clathrin
RE	R-HSA-5138447	Clathrin
RE	R-HSA-517388	FZD
RE	R-HSA-5218789	VAV
RE	R-HSA-5262981	IKK_complex
RE	R-HSA-5323539	TCF_LEF
RE	R-HSA-5333713	Clathrin
RE	R-HSA-5336141	Annexin_II_heterotetramer
RE	R-HSA-5340329	VAV
RE	R-HSA-5358286	Hedgehog
RE	R-HSA-5358318	Hedgehog
RE	R-HSA-5358332	Hedgehog
RE	R-HSA-5362382	Hedgehog
RE	R-HSA-5362391	Hedgehog
RE	R-HSA-5610566	PRKAR
RE	R-HSA-5610568	PRKAR
RE	R-HSA-5610577	ADCY
RE	R-HSA-5610578	ADCY
RE	R-HSA-5618088	HSP90A
RE	R-HSA-5623453	EXOC
RE	R-HSA-5656056	FLRT
RE	R-HSA-5658216	RasGAP
RE	R-HSA-5658219	SPRED
RE	R-HSA-5672337	TSC
RE	R-HSA-5672686	MEK
RE	R-HSA-5672705	MEK
RE	R-HSA-5672708	RAF
RE	R-HSA-5672716	MEK
RE	R-HSA-5672721	MEK
RE	R-HSA-5672726	RAF
RE	R-HSA-5674134	RAF
RE	R-HSA-5674136	RAF
RE	R-HSA-5674338	ERK
RE	R-HSA-5674340	ERK
RE	R-HSA-5674341	ERK
RE	R-HSA-5674489	MEK
RE	R-HSA-5675361	ERK
RE	R-HSA-5675363	ERK
RE	R-HSA-5693120	BCKDC
RE	R-HSA-5696998	Cyclin_A
RE	R-HSA-6783051	Cyclin_A
RE	R-HSA-6792583	BCKDC
RE	R-HSA-6793931	LH
RE	R-HSA-6793934	LH
RE	R-HSA-6798076	p53_family
RE	R-HSA-6798078	p53_family
RE	R-HSA-6802607	RAS
RE	R-HSA-6802608	RAS
RE	R-HSA-6805064	CSNK2
RE	R-HSA-6805066	CK2
RE	R-HSA-6805073	CSNK2
RE	R-HSA-6805467	AMPK
RE	R-HSA-6813837	Cyclin_E
RE	R-HSA-6814207	G_beta
RE	R-HSA-6814413	G_beta
RE	R-HSA-6814694	Desmoglein
RE	R-HSA-68373	Cyclin_E
RE	R-HSA-68436	RFC
RE	R-HSA-68450	DNA_polymerase_delta
RE	R-HSA-68462	RPA
RE	R-HSA-69261	CDC25
RE	R-HSA-70019	BCKDC
RE	R-HSA-70990	ETC_complex_II
RE	R-HSA-71025	Propionyl_CoA_carboxylase
RE	R-HSA-71026	Propionyl_CoA_carboxylase
RE	R-HSA-72526	EIF2B
RE	R-HSA-727820	IKK_complex
RE	R-HSA-74674	INS
RE	R-HSA-74688	PI3K_p85
RE	R-HSA-749499	G_q
RE	R-HSA-749499	G_q_alpha
RE	R-HSA-75202	Cyclin_A
RE	R-HSA-77385	INS
RE	R-HSA-8847714	Desmoglein
RE	R-HSA-8848649	CAPN
RE	R-HSA-8848668	CAPN
RE	R-HSA-8849894	FLOT
RE	R-HSA-8850524	G_beta
RE	R-HSA-8852568	MAC
RE	R-HSA-8861873	P2RX
RE	R-HSA-8864040	PDGFR
RE	R-HSA-8864040	PDGFR_AB
RE	R-HSA-8864046	PDGFR_BB
RE	R-HSA-8864283	TFAP2
RE	R-HSA-8864286	TFAP2
RE	R-HSA-8865622	STAT5
RE	R-HSA-8866229	ADRBK
RE	R-HSA-8868235	DNM
RE	R-HSA-8868609	DNM
RE	R-HSA-8870680	Fibrinogen
RE	R-HSA-8936837	HIF_beta
RE	R-HSA-8938866	Cyclin_D
RE	R-HSA-8941923	CDKN1
RE	R-HSA-8942604	CDKN1
RE	R-HSA-8944354	TCF_LEF
RE	R-HSA-8948131	CDKN1
RE	R-HSA-8950122	IL12
RE	R-HSA-8950228	IL12
RE	R-HSA-8950694	IL12
RE	R-HSA-8951427	TCF_LEF
RE	R-HSA-909688	IFNA
RE	R-HSA-936779	ATP1A
RE	R-HSA-936820	ATP1B
RE	R-HSA-976075	E3_Ub_ligase
RE	R-HSA-996770	GATA
SIGNOR	SIGNOR-PF1	ERK
SIGNOR	SIGNOR-PF10	DVL
SIGNOR	SIGNOR-PF11	FZD
SIGNOR	SIGNOR-PF12	NFkappaB
SIGNOR	SIGNOR-PF13	PAK
SIGNOR	SIGNOR-PF14	ROBO
SIGNOR	SIGNOR-PF15	JNK
SIGNOR	SIGNOR-PF16	p38
SIGNOR	SIGNOR-PF17	PRKAC
SIGNOR	SIGNOR-PF18	PPP3C
SIGNOR	SIGNOR-PF2	LPAR
SIGNOR	SIGNOR-PF20	TLR
SIGNOR	SIGNOR-PF21	TAOK
SIGNOR	SIGNOR-PF22	TEAD
SIGNOR	SIGNOR-PF23	FGFR
SIGNOR	SIGNOR-PF24	AKT
SIGNOR	SIGNOR-PF25	MEK
SIGNOR	SIGNOR-PF26	P90RSK
SIGNOR	SIGNOR-PF27	FOXO
SIGNOR	SIGNOR-PF29	SMURF
SIGNOR	SIGNOR-PF3	G_gamma
SIGNOR	SIGNOR-PF30	Notch
SIGNOR	SIGNOR-PF31	SLRP
SIGNOR	SIGNOR-PF32	SRC
SIGNOR	SIGNOR-PF33	GPCR
SIGNOR	SIGNOR-PF34	PIM
SIGNOR	SIGNOR-PF35	SMAD1_5_9
SIGNOR	SIGNOR-PF4	G_beta
SIGNOR	SIGNOR-PF5	TGFB
SIGNOR	SIGNOR-PF6	AMPK_alpha
SIGNOR	SIGNOR-PF7	p14_3_3
SIGNOR	SIGNOR-PF8	FGF
SIGNOR	SIGNOR-PF9	BMP_receptor
