HMSL	NAME	CHEMBL
10490	BX-517	
10491	JAK3 inhibitor VI	
10492	SU 16F	
10493	SU 5402	
10494	Orantinib	
10495	Semaxinib	
10496	Schisandrine	
10497	Acebutolol	
10498	Benazepril	
10499	Dexrazoxane	
10500	Omecamtiv mecarbil	
10521	Bardoxolone methyl	
10523	Ro3280	
10524	MLN0905	
10525	Hydroxyurea	
10526	Cabazitaxel	
10527	Colchicine	
10528	Epothilone B	
10529	Epothilone D	
10530	N-(1-{[4-(aminosulfonyl)phenyl]amino}-2,2,2-trichloroethyl)-3-methylbenzamide	
10531	N-(1-{[4-(aminosulfonyl)phenyl]amino}-2,2,2-trichloroethyl)-4-nitrobenzamide	
10532	N-(1-{[4-(aminosulfonyl)phenyl]amino}-2,2,2-trichloroethyl)-3-chlorobenzamide	
10533	4-methyl-N-{2,2,2-trichloro-1-[(4-{[(4,6-dimethyl-2-pyrimidinyl)amino]sulfonyl}phenyl)amino]ethyl}benzamide	
10534	Cobimetinib racemate	
10535	Binimetinib	
10536	CGS 21680	
10537	GDC-0152	
10538	SB505124	
10539	ZM 336372	
10540	Fasudil	
10541	PD 151746	
10542	ID-8	
10555	PR-619	
10557	Z30607510	
10563	Acetaminophen	
10564	Erythromycin propionate	
10565	Aflatoxin B1	
10566	Troglitazone	
10567	Diflunisal	
10568	Antipyrine	
10569	Levodopa	
10570	Atorvastatin	
10571	Nadolol	
10572	Ketoprofen	
10573	Candesartan	
10574	Dizocilpine	
10575	Gemfibrozil	
10576	Ramatroban	
10577	(S)-Crizotinib	
10578	L-buthionine-S,R-sulfoximine	
10579	NVP-TNKS656	
10580	Fulvestrant	
10581	kainic acid	
10582	FCCP	
10583	Tunicamycin	
10584	menadione	
10585	okadaic acid	
10586	rotenone	
10587	Bafilomycin A1	
10588	Venetoclax	
10590	Osimertinib	
10591	A-1155463	
10592	Auranofin	
10593	Decyltriphenylphosphonium	
10594	6-aminonicotinamide	
10595	Phenformin	
10596	Psychosine	
10597	Terfenadine	
10598	spermine	
10599	CPI-613	
10600	Parthenolide	
10601	Wogonin	
10602	phenethyl isothiocyanate	
10603	Plumbagin	
10604	Retaspimycin	
10605	Echinomycin	
10606	Nutlin 3	
10607	diamide	
10608	SC79	
10609	Oligomycin A	
10610	Antimycin A	
10611	Desipramine	
10612	alpha-Amanitin	
10613	Sertraline	CHEMBL809
10614	N-acetyl-L-cysteine	CHEMBL600
10615	Cdk1/2 Inhibitor III	
10616	Verapamil	CHEMBL6966
10617	Enalapril	CHEMBL578
10618	Manidipine	
10622	Metformin	CHEMBL1431
10623	Nigericin	CHEMBL405862
10624	Dexamethasone-biotin	
10625	Dexamethasone	CHEMBL384467
10626	glucuronolactone	
10627	Z-VAD-FMK	
10628	XY1	
10629	Streptozotocin	
10630	TP-0903	
10631	Meriolin 2	CHEMBL270897
10632	Meriolin 3	CHEMBL270686
10633	Harmine	CHEMBL269538
10634	Harmane	CHEMBL12014
10635	Mirk-IN-1	CHEMBL3094448
10636	AZ191	CHEMBL3421968
10637	INDY	CHEMBL1232500
10638	Harmaline	CHEMBL340807
10639	Norharmane	CHEMBL275224
10640	Oclacitinib	CHEMBL2103874
10641	Upadacitinib	CHEMBL3622821
10642	Solcitinib	CHEMBL3301606
10643	Ifosfamide	CHEMBL1024
10644	Hydroxychloroquine	CHEMBL1535
10645	Gedatolisib	CHEMBL592445
10646	NVP-BEP800	CHEMBL563327
10647	Minocycline	CHEMBL1434
10648	Azathioprine	CHEMBL1542
10649	Cyclosporine	CHEMBL160
10650	Imiquimod	CHEMBL1282
10651	Deferoxamine	CHEMBL556
10652	Ferrostatin-1	
10653	Dibenzazepine	
10654	Triptolide	CHEMBL463763
10655	Lovastatin	CHEMBL503
10656	R428	CHEMBL2023349
10657	VLX1570	
10658	Curcumin	
10659	LY3039478	
10660	R547	
10661	PIM-447	
10662	Pioglitazone	
10663	Rosiglitazone	
10664	SHP099	
10665	Ulixertinib	
10666	KPT-6566	
10667	Nocodazole	
10668	4-Hydroperoxycyclophosphamide	CHEMBL61511
10669	DAPT	
10670	CBR-5884	
10671	NCT-503	
10672	Aphidicolin	
10673	COH29	
10674	Polymyxin B	
10675	S63845	
10676	LY3023414	
10677	AZD6738	
10678	LY2606368	
10679	Senexin B	
10680	BMS-265246	
10681	LY3009120	CHEMBL3577124
10682	PLX8394	
10683	Niraparib	
10684	CFI-400945	
10685	Cobimetinib	CHEMBL2146883
10686	NCT-502	
10687	Prednisolone	CHEMBL131
10688	SY-1365	
10689	CCT-251921	
10690	Glyburide	
10691	Glipizide	
10692	Verteporfin	
10693	RK-33	
10694	Itacitinib	
10695	Selonsertib	
10696	GNE-495	CHEMBL3623138
10697	GNE-3511	CHEMBL3393333
10698	CB-839 	CHEMBL3639788
10699	LCL161	CHEMBL2431768
10700	Pralatrexate	
10701	Rasagiline mesylate	
10702	Gestodene	
10703	norethisterone	
10704	levonorgestrel	
10705	ethisterone	
10706	Ethinyl Estradiol	
10707	mestranol	
10708	CUDC-101	
10709	OSI-420	
10710	Icotinib	
10711	Epothilone A	
10712	Aloperine	
10713	methenamine	
10714	o-1918	
10715	Betulinic acid	
10716	Bexarotene	
10717	Alfacalcidol	
10718	Doxercalciferol	
10719	calcitriol	
10720	Costunolide	
10721	Oridonin	
10722	Entecavir hydrate	
10723	Andrographolide	
10724	ergocalciferol	
10725	calcifediol	
10726	colecalciferol	
10727	Exemestane	
10728	Curcumol	
10729	metacycline	
10730	PD168393	
10731	WZ3146	
10732	WZ8040	
10733	Sclareol	
10734	cefdinir	
10735	FK-506	
10736	naloxone hydrochloride	
10737	Allylthiourea	
10738	Rocuronium bromide	
10739	Alibendol	
10740	Magnolol	
10741	Honokiol	
10742	PAC-1	
10743	Forskolin	
10744	Cinchonidine	
10745	Quinine HCl dihydrate	
10746	Retapamulin	
10747	Obatoclax mesylate	
10748	Linagliptin	
10749	mifepristone	
10750	Epalrestat	
10751	BIBR 1532	
10752	progesterone	
10753	pregnenolone	
10754	ketoconazole	
10755	AMG-517	
10756	methazolamide	
10757	PF-03814735	
10758	Linezolid	
10759	sulfacetamide	
10760	Zanamivir	
10761	tacedinaline	
10762	Tenovin-1	
10763	Andarine	
10764	Antifebrin	
10765	marmesin acetate	
10766	7-Aminocephalosporanic acid	
10767	Roxatidine acetate HCl	
10768	Prednisolone acetate	
10769	Cortisone acetate	
10770	Deflazacort	
10771	fluocinonide	
10772	famciclovir	
10773	acetylcholine chloride	
10774	gedunin	
10775	10-DAB	
10776	Abiraterone Acetate	
10777	Vecuronium Bromide	
10778	pancuronium bromide	
10779	megestrol acetate	
10780	Cyproterone acetate	
10781	Medroxyprogesterone acetate	
10782	triflusal	
10783	Prasugrel	
10784	bisacodyl	
10785	Nitazoxanide	
10786	aspirin	
10787	racecadotril	
10788	spironolactone	
10789	idarubicin	
10790	(+)-Usniacin	
10791	Flurbiprofen	
10792	suprofen	
10793	Zaltoprofen	
10794	Pranoprofen	
10795	Fenoprofen calcium	
10796	Anastrozole	
10797	fexofenadine	
10798	NXY-059	
10799	VX-222	
10800	Adefovir Dipivoxil	
10801	finasteride	
10802	Terbutaline Sulfate	
10803	salbutamol	
10804	timolol	
10805	Danoprevir	
10806	Bilobalide	
10807	Ivacaftor	
10808	Tyrphostin 9	
10809	Tyrphostin AG 879	
10810	PP2	
10811	Pantothenic acid	
10812	VX-661	
10813	Odanacatib	
10814	TAK-285	
10815	20-Hydroxyecdysone	
10816	Astragaloside A	
10817	Bindarit	
10818	ciprofibrate	
10819	probucol	
10820	Gynostemma Extract	
10821	Rosuvastatin calcium	
10822	Semagacestat	
10823	flutamide	
10824	Fesoterodine fumarate	
10825	AR-42	
10826	valaciclovir	
10827	Cilengitide	
10828	Nateglinide	
10829	ubenimex	
10830	Carfilzomib	
10831	Amprenavir	
10832	tosedostat	
10833	MLN2238	
10834	MLN9708	
10835	Ibuprofen Lysine	
10836	ZM 39923 HCl	
10837	Pramiracetam	
10838	5-hydroxymethyl tolterodine	
10839	betaxolol	
10840	bisoprolol	
10841	propranolol	
10842	sotalol	
10843	isoprenaline	
10844	Malotilate	
10845	fenofibrate	
10846	WAY-362450	
10847	Tenofovir Disoproxil Fumarate	
10848	Ipriflavone	
10849	Ergosterol	
10850	isopropamide iodide	
10851	Ipratropium bromide	
10852	RS-127445	
10853	AT13387	
10854	Avasimibe	
10855	HC-030031	
10856	propofol	
10857	TW-37	
10858	Ritonavir	
10859	Cobicistat	
10860	GSK1292263	
10861	GW4064	
10862	tretinoin	
10863	Isotretinoin	
10864	phenoxybenzamine	
10865	captopril	
10866	bethanechol	
10867	Silodosin	
10868	rimantadine	
10869	LY411575	
10870	Sirtinol	
10871	bupropion	
10872	Safinamide Mesylate	
10873	Enalaprilat dihydrate	
10874	Bicalutamide	
10875	etidronic acid	
10876	Meropenem	
10877	Biapenem	
10878	Tiopronin	
10879	Zileuton	
10880	Voriconazole	
10881	tamoxifen	
10882	LY310762	
10883	Sulbactam	
10884	SNX-2112	
10885	PF-04929113	
10886	Oleanolic Acid	
10887	Tempol	
10888	Sclareolide	
10889	topiramate	
10890	Fluocinolone acetonide	
10891	Triamcinolone Acetonide	
10892	Desonide	
10893	Limonin	
10894	amoxicillin	
10895	ampicillin	
10896	Enoxolone	
10897	Glycyrrhizic acid	
10898	Crenolanib	
10899	memantine	
10900	betacarotene	
10901	cefalexin	
10902	sulindac	
10903	Tebipenem pivoxil	
10904	Doripenem Hydrate	
10905	santonin	
10906	methylprednisolone	
10907	Cyclopamine	
10908	Vitamin B12	
10909	Acesulfame Potassium	
10910	Artemisinin	
10911	Ginkgolide A	
10912	Levosimendan	
10913	SB-269970 HCl	
10914	flumequine	
10915	Argatroban	
10916	BTZ043 racemate	
10917	ofloxacin	
10918	indapamide	
10919	Cephalomannine	
10920	diethylstilbestrol	
10921	(-)-Huperzine A	
10922	Cefprozil hydrate	
10923	gyromitrin	
10924	ramelteon	
10925	Betamethasone Dipropionate	
10926	Fosinopril sodium	
10927	Clobetasol propionate	
10928	fluticasone propionate	
10929	Salinomycin	
10930	Levetiracetam	
10931	simvastatin	
10932	Amorolfine HCl	
10933	Clinofibrate	
10934	Pravastatin sodium	
10935	Bacitracin zinc	
10936	Itraconazole	
10937	dalcetrapib	
10938	Peramivir  Trihydrate	
10939	methysergide maleate	
10940	aminoglutethimide	
10941	meptazinol	
10942	primidone	
10943	Catharanthine	
10944	ML-161	
10945	Sodium butyrate	
10946	Cleviprex	
10947	pdgf receptor tyrosine kinase inhibitor ii	
10948	proadifen	
10949	Telaprevir	
10950	Perindopril Erbumine	
10951	ru 28318, potassium salt	
10952	valsartan	
10953	dh 97	
10954	Betamethasone valerate	
10955	calpeptin	
10956	irbesartan	
10957	Daptomycin	
10958	Clindamycin palmitate HCl	
10959	L-Ascorbyl 6-palmitate	
10960	Docosanol	
10961	PHT-427	
10962	Orlistat	
10963	5-nonyloxytryptamine,5-nonyloxytryptamine oxalate,cpd000466300;5-nonyloxytryptamine	
10964	Fingolimod	
10965	Ibutilide fumarate	
10966	carmofur	
10967	BIBR-1048	
10968	Capecitabine	
10969	alprostadil	
10970	bupivacaine	
10971	tolbutamide	
10972	bumetanide	
10973	tetracaine	
10974	cinchocaine	
10975	dyclonine	
10976	VU 0357121	
10977	bufexamac	
10978	Butylscopolamine bromide	
10979	phenylbutazone	
10980	losartan	
10981	Dronedarone HCl	
10982	amiodarone	
10983	probenecid	
10984	(+)-uh 232	
10985	Ropivacaine HCl	
10986	PD 128907 HCl	
10987	pergolide	
10988	Macitentan	
10989	pramipexole	
10990	proxymetacaine	
10991	oxybendazole	
10992	Albendazole Oxide	
10993	albendazole	
10994	Ticagrelor	
10995	Clindamycin HCl	
10996	lincomycin	
10997	Clindamycin phosphate	
10998	Budesonide	
10999	propylthiouracil	
11000	Protionamide	
11001	olmesartan medoxomil	
11002	vardenafil	
11003	telmisartan	
11004	sildenafil	
11005	Laquinimod	
11006	Rivastigmine tartrate	
11007	ADL5859 HCl	
11008	oxybutynin	
11009	NSC 23766	
11010	adiphenine	
11011	procaine	
11012	clomifene	
11013	ITF2357	
11014	trapidil	
11015	alverine	
11016	tropicamide	
11017	Doxapram HCl	
11018	Amisulpride	
11019	sulpiride	
11020	cefoperazone	
11021	AEE788	
11022	Blonanserin	
11023	cpd000059011;enrofloxacin,enrofloxacin,smr000059011;enrofloxacin	
11024	MK-2048	
11025	bulleyaconitine a	
11026	Lappaconite HBr	
11027	Bimatoprost	
11028	GDC-0349	
11029	Otenabant (CP-945598) HCl	
11030	Netilmicin Sulfate	
11031	dorzolamide	
11032	HA14-1	
11033	clofibrate	
11034	Moexipril HCl	
11035	quinapril	
11036	ramipril	
11037	Cilazapril monohydrate	
11038	Temocapril HCl	
11039	felodipine	
11040	nitrendipine	
11041	Lacidipine	
11042	amlodipine	
11043	Oseltamivir phosphate	
11044	vinpocetine	
11045	erythromycin ethylsuccinate	
11046	loratadine	
11047	Torcetrapib	
11048	Vorapaxar	
11049	Flupirtine	
11050	Ampiroxicam	
11051	Loteprednol etabonate	
11052	Mecarbinate	
11053	Arbidol HCl	
11054	Tazarotene	
11055	gabexate	
11056	etomidate	
11057	flumazenil	
11058	carbimazole	
11059	Suplatast tosylate	
11060	repaglinide	
11061	Mosapride citrate	
11062	Apremilast	
11063	Dapagliflozin	
11064	phenacetin	
11065	ethacridine lactate	
11066	nafcillin	
11067	Reboxetine mesylate	
11068	Candesartan cilexetil	
11069	tinidazole	
11070	Hesperadin	
11071	TAK-901	
11072	ethambutol	
11073	Posaconazole	
11074	psb 11	
11075	Azalomycin-B	
11076	10-Hydroxycamptothecin	
11077	Camptothecin	
11078	Stigmasterol	
11079	Ivermectin	
11080	?-Sitosterol	
11081	Hexestrol	
11082	Azithromycin	
11083	Erythromycin	
11084	Roxithromycin	
11085	clarithromycin	
11086	Tilmicosin	
11087	Vinblastine	
11088	Vinflunine Tartrate	
11089	cpd000058660;oxyphenonium bromide,oxyphenonium bromide,smr000058660;oxyphenonium bromide	
11090	gallamine triethiodide	
11091	pyrimethamine	
11092	Varespladib	
11093	glimepiride	
11094	KW-2478	
11095	Ethionamide	
11096	JTC-801	
11097	PHA-680632	
11098	Etodolac	
11099	Istradefylline	
11100	SAR131675	
11101	pefloxacin	
11102	lomefloxacin	
11103	norfloxacin	
11104	enoxacin	
11105	nalidixic acid	
11106	PKI-402	
11107	LY2940680	
11108	loperamide	
11109	CP-91149	
11110	Camostat Mesilate	
11111	pyridostigmine bromide	
11112	neostigmine bromide	
11113	tetracycline	
11114	oxytetracycline	
11115	Desvenlafaxine Succinate	
11116	Olopatadine HCl	
11117	chlorprothixene	
11118	brompheniramine	
11119	chlorphenamine	
11120	amitriptyline	
11121	citalopram	
11122	clomipramine	
11123	chlorpromazine	
11124	amonafide	
11125	diphenhydramine	
11126	Toremifene Citrate	
11127	almotriptan	
11128	Zolmitriptan	
11129	Rizatriptan Benzoate	
11130	Hordenine	
11131	PCI-24781	
11132	Gramine	
11133	AG14361	
11134	Dacarbazine	
11135	Dapoxetine HCl	
11136	Tigecycline	
11137	CCT129202	
11138	methylrosanilinium chloride	
11139	M344	
11140	altretamine	
11141	Terbinafine	
11142	naftifine	
11143	Dofetilide	
11144	MK-2461	
11145	bromhexine	
11146	Elesclomol	
11147	streptozocin	
11148	Mizolastine	
11149	chlormezanone	
11150	Azasetron HCl	
11151	piroxicam	
11152	Lornoxicam	
11153	tenoxicam	
11154	Methyclothiazide	
11155	Granisetron HCl	
11156	Tadalafil	
11157	cyproheptadine	
11158	ketotifen	
11159	pizotifen	
11160	BRL 54443	
11161	azelastine	
11162	AM-1241	
11163	clemastine	
11164	JNJ-7777120	
11165	clozapine	
11166	Golvatinib	
11167	Fleroxacin	
11168	Marbofloxacin	
11169	NSC-207895	
11170	CEP33779	
11171	VUF 10166	
11172	mianserin	
11173	Mirtazapine	
11174	Tubastatin A HCl	
11175	(+)-Bicuculline	
11176	Asenapine	
11177	Tropisetron	
11178	Atropine	
11179	homatropine hydrobromide	
11180	Hyoscyamine	
11181	Scopine	
11182	Scopolamine HBr	
11183	Carbazochrome sodium sulfonate	
11184	Evodiamine	
11185	Tianeptine sodium	
11186	ranitidine	
11187	nizatidine	
11188	cimetidine	
11189	Gadodiamide	
11190	Sapitinib	
11191	physostigmine	
11192	Telatinib	
11193	INCB28060	
11194	ARN-509	
11195	orteronel	
11196	Milciclib	
11197	AT-406	
11198	Gentamycin sulfate	
11199	NMDA	
11200	Vancomycin HCl	
11201	Balofloxacin	
11202	DL-Adrenaline	
11203	oxedrine	
11204	fluoxetine	
11205	maprotiline	
11206	atomoxetine hcl,atomoxetine hydrochloride,cpd000469177;atomoxetine hcl,tomoxetine hydrochloride	
11207	Duloxetine	
11208	betahistine	
11209	BRD-K33199242	
11210	BRD-K41334119	
11211	Meglumine	
11212	epinephrine	
11213	phenylephrine	
11214	TAK-438	
11215	procarbazine	
11216	Naratriptan HCl	
11217	sumatriptan	
11218	Cyclovirobuxin D	
11219	Streptomycin sulfate	
11220	Hygromycin B	
11221	spectinomycin	
11222	Dimethyl Fumarate	
11223	TAME	
11224	aspartame	
11225	L-NAME HCl	
11226	clopidogrel	
11227	Nilvadipine	
11228	snap 5089	
11229	isradipine	
11230	nifedipine	
11231	Nisoldipine	
11232	Arecoline	
11233	Genipin	
11234	Geniposide	
11235	Eplerenone	
11236	yohimbine hydrochloride	
11237	reserpine	
11238	Ki16198	
11239	Flubendazole	
11240	oxfendazole	
11241	fenbendazole	
11242	Daclatasvir ?BMS-790052?	
11243	Atazanavir sulfate	
11244	WYE-354	
11245	WYE-687	
11246	Danusertib	
11247	Ambrisentan	
11248	Sinomenine	
11249	Deforolimus	
11250	AZD2461	
11251	Oprozomib	
11252	fluvoxamine	
11253	Prucalopride	
11254	Aliskiren hemifumarate	
11255	nimodipine	
11256	Cilnidipine	
11257	Metoprolol tartrate	
11258	Wortmannin	
11259	Ceftiofur HCl	
11260	Cefoselis sulfate	
11261	Cefditoren pivoxil	
11262	novobiocin	
11263	rifampicin	
11264	Rifapentine	
11265	rifabutin	
11266	Rifaximin	
11267	17-DMAG HCl	
11268	Nanchangmycin	
11269	Artemether	
11270	Nelarabine	
11271	sulfadoxine	
11272	BIIB021	
11273	mycophenolic acid	
11274	Mycophenolate mofetil	
11275	gatifloxacin	
11276	Moxifloxacin HCl	
11277	Coenzyme Q10	
11278	Idebenone	
11279	Bergenin	
11280	BAY80-6946	
11281	khellin	
11282	methoxsalen	
11283	sulfadimethoxine	
11284	Zafirlukast	
11285	Apocynin	
11286	Iloperidone	
11287	Acitretin	
11288	Silymarin	
11289	Fumalic acid	
11290	Vanillylacetone	
11291	Anacetrapib	
11292	R935788	
11293	A-803467	
11294	VU 0361737	
11295	Rheochrysidin	
11296	Neohesperidin	
11297	buflomedil	
11298	PNU-120596	
11299	Asaraldehyde	
11300	AZ 3146	
11301	Teniposide	
11302	silibinin	
11303	alfuzosin	
11304	terazosin	
11305	doxazosin	
11306	prazosin	
11307	PD153035 HCl	
11308	Tandutinib	
11309	Elvitegravir	
11310	2-Methoxyestradiol	
11311	Palmatine chloride	
11312	Donepezil HCl	
11313	Ivabradine	
11314	Tariquidar	
11315	Rotundine	
11316	Tyrphostin AG 1296	
11317	Lenvatinib	
11318	Ki8751	
11319	CEP-32496	
11320	Diosmetin	
11321	diosmin	
11322	Tangeretin	
11323	Nobiletin	
11324	PF-04691502	
11325	Adapalene	
11326	Biochanin A	
11327	koparin	
11328	Formononetin	
11329	Pimobendan	
11330	Icariin	
11331	cgs 20625	
11332	Apixaban	
11333	tranilast	
11334	avobenzone	
11335	aniracetam	
11336	TCS 359	
11337	93-07-2,veratric acid,veratric acid;93-07-2	
11338	Paeonol	
11339	venlafaxine	
11340	Cilomilast	
11341	rolipram	
11342	Tetrahydropapaverine HCl	
11343	atracurium besilate	
11344	KY02111	
11345	Neohesperidin dihydrochalcone	
11346	Avanafil	
11347	ML133 HCl	
11348	Cisatracurium besylate	
11349	Formoterol hemifumarate	
11350	glibenclamide	
11351	PQ 401	
11352	PCI-34051	
11353	cfm 1571 hydrochloride	
11354	SB 271046	
11355	Mequinol	
11356	Hesperetin	
11357	Hesperidin	
11358	Methyl-Hesperidin	
11359	diltiazem	
11360	S- (+)-Rolipram	
11361	Esomeprazole magnesium	
11362	Melatonin	
11363	AMG-208	
11364	AMG458	
11365	BML-190	
11366	indometacin	
11367	acemetacin	
11368	galantamine	
11369	PIK-90	
11370	naproxen	
11371	nabumetone	
11372	Tetrandrine	
11373	Berberine HCl	
11374	Osthole	
11375	Agomelatine	
11376	Liranaftate	
11377	GSK256066	
11378	daunorubicin	
11379	naftopidil	
11380	urapidil	
11381	WAY-100635 HCl	
11382	BMY 7378	
11383	ranolazine	
11384	guaifenesin	
11385	methocarbamol	
11386	Carvedilol	
11387	Bosentan Hydrate	
11388	BMS-806	
11389	sulfametoxydiazine	
11390	Zibotentan	
11391	CH5132799	
11392	nimesulide	
11393	busulfan	
11394	rofecoxib	
11395	vismodegib	
11396	thiamphenicol	
11397	AMG-073 HCl	
11398	Ritodrine HCl	
11399	Aprepitant	
11400	Natamycin	
11401	S/GSK1349572	
11402	Artesunate	
11403	Dihydroartemisinin	
11404	ARRY334543	
11405	mometasone furoate	
11406	Dexamethasone Sodium Phosphate	
11407	Amphotericin B	
11408	Nystatin	
11409	L (+)-Rhamnose Monohydrate	
11410	rutoside	
11411	Troxerutin	
11412	Dioscin	
11413	Naringin Dihydrochalcone	
11414	Naringin	
11415	Myricitrin	
11416	Asiatic acid	
11417	carbidopa	
11418	LY2811376	
11419	Paeoniflorin	
11420	Lithocholic acid	
11421	Hyodeoxycholic acid	
11422	ursodeoxycholic acid	
11423	chenodeoxycholic acid	
11424	Tenofovir	
11425	IPI-145	
11426	WP1066	
11427	aztreonam	
11428	Sparfloxacin	
11429	Lorcaserin HCl	
11430	Cryptotanshinone	
11431	levofloxacin	
11432	betamethasone	
11433	Betapar	
11434	Acarbose	
11435	Ursolic acid	
11436	Diosgenin	
11437	methyldopa	
11438	Ostarine	
11439	prednisone	
11440	Dienogest	
11441	Galeterone	
11442	estrone	
11443	estradiol	
11444	estriol	
11445	Estradiol Benzoate	
11446	Abiraterone	
11447	Dehydroepiandrosterone	
11448	Formestane	
11449	Trilostane	
11450	Epiandrosterone	
11451	Dutasteride	
11452	Drospirenone	
11453	triamcinolone	
11454	hydrocortisone	
11455	carnitine	
11456	decamethonium bromide	
11457	hexamethonium bromide	
11458	L-carnitine	
11459	diphemanil metilsulfate	
11460	Homatropine Methylbromide	
11461	Methscopolamine	
11462	Tiotropium Bromide hydrate	
11463	CYC116	
11464	milrinone	
11465	A-674563	
11466	sulfafurazole	
11467	Bazedoxifene HCl	
11468	flavoxate	
11469	Rimonabant	
11470	AM251	
11471	Bleomycin sulfate	
11472	erismodegib	
11473	tolfenamic acid	
11474	aminophenazone	
11475	flunixin meglumine	
11476	BMS-599626	
11477	ramifenazone	
11478	Deferiprone	
11479	lansoprazole	
11480	TG101209	
11481	rs 100329 hydrochloride	
11482	Toltrazuril	
11483	SB-408124	
11484	sulfamethoxazole	
11485	AZ 960	
11486	LY2784544	
11487	ENMD-2076	
11488	Edaravone	
11489	hymecromone	
11490	oxymetazoline	
11491	xylometazoline	
11492	Dapivirine	
11493	Evacetrapib	
11494	ciclopirox	
11495	CCT137690	
11496	Droxinostat	
11497	ZM 323881 HCl	
11498	dequalinium chloride	
11499	Arry-380	
11500	Emodin	
11501	Chrysophanic acid	
11502	TAK-875	
11503	GW0742	
11504	Gossypol	
11505	Brivanib alaninate	
11506	Sitaxentan sodium	
11507	olanzapine	
11508	riboflavin	
11509	sulfamerazine	
11510	PF-4981517	
11511	Eltrombopag	
11512	CCG 50014	
11513	VX-809	
11514	pirfenidone	
11515	Pifithrin-?	
11516	SB 743921	
11517	Tolcapone	
11518	guaiazulene,guaiazulene;489-84-9	
11519	phentolamine	
11520	Lumiracoxib	
11521	Tolterodine tartrate	
11522	gliclazide	
11523	NSC 74859	
11524	ML130	
11525	Vortioxetine (Lu AA21004) hydrobromide	
11526	A 205804	
11527	Canagliflozin	
11528	PIK-75	
11529	DMXAA	
11530	Galunisertib	
11531	MPEP	
11532	xylazine	
11533	mepivacaine	
11534	Nefiracetam	
11535	Lopinavir	
11536	meclozine	
11537	Detomidine HCl	
11538	tolnaftate	
11539	STF-62247	
11540	pirinixic acid	
11541	torasemide	
11542	mefenamic acid	
11543	Dexmedetomidine HCl	
11544	IC-87114	
11545	PIK-294	
11546	PIK-293	
11547	Mozavaptan	
11548	Tolvaptan	
11549	orphenadrine	
11550	metolazone	
11551	Pemirolast (BMY 26517) potassium	
11552	Nevirapine	
11553	Stavudine	
11554	Telbivudine	
11555	zidovudine	
11556	PF-5274857	
11557	glipizide	
11558	Acipimox	
11559	Tanshinone I	
11560	Tanshinone IIA	
11561	AMG 900	
11562	sulfamethizole	
11563	thiamine	
11564	Raltitrexed	
11565	CTEP	
11566	FG-4592	
11567	Conivaptan HCl	
11568	risperidone	
11569	Paliperidone	
11570	secnidazole	
11571	ornidazole	
11572	metronidazole	
11573	ondansetron	
11574	Raltegravir	
11575	maraviroc	
11576	Ki16425	
11577	dicloxacillin	
11578	valdecoxib	
11579	Oxacillin sodium monohydrate	
11580	cloxacillin	
11581	isoconazole	
11582	Fenticonazole nitrate	
11583	Tioconazole	
11584	butoconazole	
11585	miconazole	
11586	econazole	
11587	sulconazole	
11588	Vatalanib	
11589	Mitotane	
11590	Desloratadine	
11591	Tizanidine HCl	
11592	clonidine	
11593	TRAM-34	
11594	clotrimazole	
11595	ticlopidine	
11596	TAK-733	
11597	Aminophylline	
11598	dyphylline	
11599	Alogliptin	
11600	Bendamustine	
11601	BMS-707035	
11602	ronidazole	
11603	NVP-BVU972	
11604	GW441756	
11605	JNJ-26481585	
11606	methimazole	
11607	3-Methyladenine	
11608	theobromine	
11609	Tipifarnib	
11610	Cathepsin Inhibitor 1	
11611	Temozolomide	
11612	TDZD-8	
11613	Mubritinib	
11614	NVP-BSK805	
11615	flunarizine	
11616	Potassium iodide	
11617	AG-490	
11618	AG 18	
11619	ag 126,ag-126,tyrphostin ag-126	
11620	SL327	
11621	Diclazuril	
11622	Apatinib	
11623	Vildagliptin	
11624	Saxagliptin	
11625	Amygdalin	
11626	Sodium Nitroprusside	
11627	Strontium ranelate	
11628	PRX-08066	
11629	6-cyano-7-nitroquinoxaline-2,3-dione,cnqx,cnqx disodium salt	
11630	letrozole	
11631	Guanidine (Aminoformamidine) HCl	
11632	guanabenz	
11633	moroxydine	
11634	famotidine	
11635	amiloride	
11636	Nafamostat mesylate	
11637	BRD-K13169950	
11638	LY2886721	
11639	TG100-115	
11640	TG 100713	
11641	triamterene	
11642	zm 241385	
11643	JNJ-7706621	
11644	flucytosine	
11645	ganciclovir	
11646	acyclovir	
11647	Guanosine	
11648	Emtricitabine	
11649	tioguanine	
11650	Mirabegron	
11651	Clofarabine	
11652	Cladribine	
11653	Fludarabine	
11654	Fludarabine Phosphate	
11655	minoxidil	
11656	CHIR-98014	
11657	Calcium levofolinate	
11658	BMS 794833	
11659	adenine	
11660	NVP-ADW742	
11661	PP-121	
11662	vidarabine	
11663	adenosine	
11664	ATP	
11665	nadide	
11666	Cidofovir	
11667	Lamivudine	
11668	Cytarabine	
11669	Cytidine	
11670	zalcitabine	
11671	Cyclocytidine HCl	
11672	BMS-708163	
11673	glutamine	
11674	Nepafenac	
11675	nitrofural	
11676	Lonafarnib	
11677	carbamazepine	
11678	oxcarbazepine	
11679	felbamate	
11680	SB 431542	
11681	URB597	
11682	INO-1001	
11683	Nicotinamide	
11684	Rufinamide	
11685	pyrazinamide	
11686	acadesine	
11687	mizoribine	
11688	cefaclor	
11689	benserazide	
11690	Fudosteine	
11691	5-hydroxytryptophan	
11692	L-Thyroxine	
11693	CCT128930	
11694	amantadine	
11695	Clinafloxacin	
11696	cycloserine	
11697	5-Aminolevulinic acid HCl	
11698	OSU-03012	
11699	gabapentin	
11700	tranexamic acid	
11701	pamidronic acid	
11702	alendronic acid	
11703	lisinopril	
11704	aminocaproic acid	
11705	IEM 1754 dihydrobroMide	
11706	Taurine	
11707	histamine	
11708	dopamine	
11709	Neomycin sulfate	
11710	noradrenaline	
11711	tobramycin	
11712	hydralazine	
11713	isoniazid	
11714	Zonisamide	
11715	furosemide	
11716	dichlorphenamide	
11717	chlorothiazide	
11718	trichlormethiazide	
11719	hydrochlorothiazide	
11720	U-104	
11721	2,3-dioxo-6-nitro-1,2,3,4-tetrahydrobenzo[f]quinoxaline-7-sulfonamide,nbqx,nbqx disodium salt;11876-58-7	
11722	Sitagliptin phosphate monohydrate	
11723	Sitafloxacin hydrate	
11724	LY2140023	
11725	clorsulon	
11726	aminohippuric acid	
11727	Sodium 4-Aminosalicylate	
11728	mesalazine	
11729	sulfathiazole	
11730	sulfapyridine	
11731	sulfadiazine	
11732	sulfanilamide	
11733	Pomalidomide	
11734	Bismuth Subsalicylate	
11735	Piperine	
11736	Salubrinal	
11737	APO866	
11738	Dextrose	
11739	Xylose	
11740	praziquantel	
11741	Chlorogenic acid	
11742	Butein	
11743	Isoliquiritigenin	
11744	azaperone	
11745	Phloretin	
11746	Phlorizin	
11747	UPF 1069	
11748	Lafutidine	
11749	Sodium Danshensu	
11750	SNS-314 Mesylate	
11751	LY2608204	
11752	Roflumilast	
11753	T0070907	
11754	rebamipide	
11755	Lomustine	
11756	GW788388	
11757	GW842166X	
11758	Rivaroxaban	
11759	moclobemide	
11760	Nicorandil	
11761	GSK3787	
11762	Pimasertib	
11763	Thiazovivin	
11764	PD318088	
11765	chloramphenicol	
11766	IMD 0354	
11767	VU 0364439	
11768	niclosamide	
11769	Pranlukast	
11770	VU 0364770	
11771	JNJ 1661010	
11772	A 922500	
11773	GW9662	
11774	SRT1720	
11775	SB705498	
11776	PF-3845	
11777	ozagrel	
11778	Mitiglinide calcium	
11779	Geniposidic acid	
11780	Shikimic acid	
11781	Baicalin	
11782	Caffeic acid	
11783	3-Indolebutyric acid	
11784	sodium phenylbutyrate	
11785	MK-0752	
11786	GW9508	
11787	cetirizine	
11788	Erdosteine	
11789	Pitavastatin calcium	
11790	GW3965 HCl	
11791	diclofenac	
11792	MK-8245	
11793	MK-5108	
11794	Orotic acid	
11795	cromoglicic acid	
11796	xanthurenic acid	
11797	Olsalazine Sodium	
11798	Sulfasalazine	
11799	Rhein	
11800	Deferasirox	
11801	CX-4945	
11802	sto 609,sto-609 acetate	
11803	niflumic acid	
11804	PTC124	
11805	nicotinic acid	
11806	sarafloxacin	
11807	ciprofloxacin	
11808	Lonidamine	
11809	Trospium chloride	
11810	Aclidinium Bromide	
11811	ketanserin	
11812	ADX-47273	
11813	Ciproxifan	
11814	raloxifene	
11815	ketorolac tromethamine	
11816	Apoptosis Activator 2	
11817	Ezetimibe	
11818	Taxifolin	
11819	Dihydromyricetin	
11820	Indirubin	
11821	Sophocarpine	
11822	Alizarin	
11823	thalidomide	
11824	Matrine ((+)-Matrine)	
11825	Oxymatrine	
11826	naltrexone	
11827	cilostazol	
11828	Aripiprazole	
11829	Naringenin	
11830	AS-604850	
11831	CAY10505	
11832	phenytoin	
11833	SB 415286	
11834	Scriptaid	
11835	phenindione	
11836	Aloe-emodin	
11837	cyclophosphamide	
11838	PMSF	
11839	mesna	
11840	Dimesna	
11841	Cyclamic  acid	
11842	Sodium Picosulfate	
11843	SB-742457	
11844	Stattic	
11845	PA-824	
11846	Azomycin	
11847	Risedronic acid	
11848	Zoledronic Acid	
11849	Sodium Monofluorophosphate	
11850	Sodium orthovanadate	
11851	XAV-939	
11852	tegafur	
11853	Trifluridine	
11854	Floxuridine	
11855	idoxuridine	
11856	CHIR-124	
11857	domperidone	
11858	ha 1100 hydrochloride,hydroxyfasudil	
11859	Hypoxanthine	
11860	allopurinol	
11861	inosine	
11862	Didanosine	
11863	Puerarin	
11864	Genistein	
11865	Daidzein	
11866	Myricetin	
11867	Quercetin dihydrate	
11868	Fisetin	
11869	Kaempferol	
11870	Morin hydrate	
11871	Rutaecarpine	
11872	Xanthone	
11873	Luteolin	
11874	Apigenin	
11875	6,4'-dihydroxyflavone,6-hydroxy-2-(4-hydroxyphenyl)-4h-chromen-4-one,6-hydroxy-2-(4-hydroxyphenyl)-4h-chromen-4-one;.	
11876	Chrysin	
11877	Gimeracil	
11878	Daphnetin	
11879	Cytisine	
11880	Uridine	
11881	trazodone	
11882	Zebularine	
11883	3,4-dichloroisocoumarin,3,4-dichloroisocoumarin;51050-59-0	
11884	tioxolone	
11885	biperiden	
11886	BRL-15572	
11887	fluconazole	
11888	n6 -cyclopentyladenosine,n6-cyclopentyladenosine	
11889	dipyridamole	
11890	LAQ824	
11891	Miglitol	
11892	hydroxyzine	
11893	Quetiapine fumarate	
11894	D-Mannitol	
11895	Sorbitol	
11896	Ribitol	
11897	Salidroside	
11898	Polydatin	
11899	Arbutin	
11900	Empagliflozin	
11901	Indole-3-carbinol	
11902	Aloin	
11903	RITA	
11904	Gastrodin	
11905	Salicin	
11906	LY335979	
11907	Nebivolol	
11908	vegf receptor 2 kinase inhibitor ii	
11909	atovaquone	
11910	chloroxine	
11911	Piceatannol	
11912	Hematoxylin	
11913	Ziprasidone HCl	
11914	phtpp	
11915	Deoxyarbutin	
11916	monobenzone	
11917	Equol	
11918	epiafzelechin (2r,3r)(-)	
11919	beta-naphthol	
11920	resorcinol	
11921	anagrelide hcl,anagrelide hydrochloride,cpd000469168;anagrelide hcl	
11922	MRS 2578	
11923	Mercaptopurine	
11924	Sodium Nitrite	
11925	Zinc Pyrithione	
11926	Plerixafor 8HCl	
11927	Sesamin	
11928	LY364947	
11929	bifonazole	
11930	WZ 811	
11931	levamisole	
11932	tiabendazole	
11933	naphazoline	
11934	tetryzoline	
11935	Varenicline tartrate	
11936	(+/-)-anabasine,3-(piperidin-2-yl)pyridine hydrochloride,anabasine,anabasine hydrochloride,l-3-(2'-piperidyl)pyridine;494-52-0 87504,l-3-(2'-piperidyl)pyridine;87504	
11937	WAY-600	
11938	Kinetin	
11939	BRD-K85133207	
11940	Talc	
11941	Birinapant	CHEMBL3039522
11944	CX-6258	
11956	RSL3, (1S, 3R)-	
11957	FIN56	
11958	TGR1202	
11959	Acalabrutinib	
11960	SNS-062	
11961	Cerdulatinib	
11962	Voruciclib	
11963	zanubrutinib	
11964	Avadomide	
11965	A-1331852	
11966	Erastin	
11967	Onalespib	
11968	PF-3084014	
11970	Selinexor	
11971	H3	
11972	ARN19874	
11973	Digitoxin	
11974	PF-06873600	
11975	Tyk2-IN-4	
11976	GKT137831	
11977	YKL-05-099	
11978	VX-970	
11979	TAK931	
11980	D9	
11981	alpha-Cyperone 	
11982	ML141	
11983	EHop-016 	
11984	1A-116 	
11985	Rhosin	
11986	CYC065	
11987	NVP-HDM201	
11996	THZ531	
11997	CCT245737	
11998	Talazoparib	
11999	Darolutamide	
12000	Piperlongumine	
12001	QL-IV-100	
12002	QL-V-107	
12003	QL-V-73	
12004	QL-VI-86	
12005	QL-VIII-58	
12006	QL-XII-108	
12007	QL-XII-61	
12008	CORT125134	
12009	BAY-1895344	
12010	PF-06700841	
12011	Tyk2-IN-5	
12012	Kobe2602	
12013	Kobe0065	
12014	Bepridil 	
12015	Cannabidiol 	
12016	Spiperone	
12017	N-((3R,4R)-1-Benzyl-4-methylpiperidin-3-yl)-n-methyl-7h-pyrrolo[2,3-d]pyrimidin-4-amine	CHEMBL2152298
12018	1-((3R,4R)-4-Methyl-3-(Methyl(7H-Pyrrolo[2,3-D]Pyrimidin-4-YL)AMINO)PIPERIDIN-1-yl)Ethanone	
12019	N-Methyl-N-((3R,4R)-4-methylpiperidin-3-yl)-7H-pyrrolo[2,3-d]pyrimidin-4-amine	
12020	A-770041	CHEMBL197603
12021	AMG-548	
12022	EN300-208391	
12023	ZD7288	
12024	Capsaicin	
12025	Arachidonic acid	
12026	PD98059	
12027	Astemizole	
12028	Quinacrine 	
12029	Raloxifene	
12030	Sertindole	
12031	Etifoxine 	
12032	Clofilium 	
12033	Eletriptan	
12034	Zuclopenthixol	
12035	Pyrvinium 	
12036	Paroxetine	
12037	Cloxiquine	
12038	Imipramine	
12039	N-(1,3,4-Thiadiazol-2-yl)nicotinamide	
12040	Noladin ether	
12041	Diminazene 	
12042	Evenamide	
12043	Lidoflazine	
12044	ML67-33	
12045	Fuchsine base	
12046	Perhexiline	
12047	PK-11195	
12048	Saredutant	
12049	NS-1619	
12050	NS309	
12051	NS1643	
12052	SKA-31	
12053	AUT1	
12054	Chlorzoxazone	
12055	Trifluperidol	
12056	N,N-dimethylsphingosine	
12057	SU14813	
12058	Ingenol Mebutate	
12059	MLN120B	
12060	Tacrolimus	
12061	Tepotinib	
12062	SU9516	
12063	RO4987655	
12064	Silmitasertib	
12065	SB1317	
12066	R1530	
12067	Falnidamol	
12068	GSK1324726A	
12069	R1487	
12070	PD173955	
12071	TAK-593	
12072	ZD-4190	
12073	AST 487	
12074	Atrial Natriuretic Peptide (ANP) (1-28), rat	
12075	ETP-46464	
12076	GSK2606414	
12077	BMS-911543	
12078	CCT251545	
12079	PD-166866	
12080	Ruboxistaurin	
12081	Talmapimod	
12082	Rociletinib 	
12083	GSK269962A	
12084	Entrectinib	
12085	Pamapimod	
12086	Batimastat	CHEMBL279786
12087	Encorafenib	CHEMBL3301612
12088	2-arachidonyl-glycerol	
12089	NS11021	
12090	NS19504	
12091	BL-1249	
12092	NS 5806	
12093	NS 3623	
12094	NS 13001	
12095	Pararosaniline	
12096	PF-06305591	
12097	Riluzole Analog_Sundia_group2_C1	
12098	Riluzole Analog_Sundia_group2_C2	
12099	Riluzole Analog_Sundia_group2_C3	
12100	Riluzole Analog_Sundia_group2_C4	
12101	Riluzole Analog_Sundia_group2_C5	
12102	Riluzole Analog_Sundia_group2_C6	
12103	Riluzole Analog_Sundia_group2_C7	
12104	Riluzole Analog_Sundia_group2_C8	
12105	Riluzole Analog_Sundia_group2_C9	
12106	Riluzole Analog_Sundia_group2_C10	
12107	Riluzole Analog_Sundia_group2_C11	
12108	Riluzole Analog_Sundia_group2_C12	
12109	Riluzole Analog_Sundia_group2_C13	
12110	Riluzole Analog_Sundia_group2_C14	
12111	Riluzole Analog_Sundia_group2_C15	
12112	Riluzole Analog_Sundia_group1_C1	
12113	Riluzole Analog_Sundia_group1_C2	
12114	Riluzole Analog_Sundia_group1_C3	
12115	Riluzole Analog_Sundia_group1_C4	
12116	Riluzole Analog_Sundia_group1_C5	
12117	Riluzole Analog_Sundia_group1_C6	
12118	Riluzole Analog_Sundia_group1_C7	
12119	Riluzole Analog_Sundia_group1_C8	
12120	Riluzole Analog_Sundia_group1_C9	
12121	Riluzole Analog_Sundia_group1_C10	
12122	Riluzole Analog_Sundia_group1_C11	
12123	Riluzole Analog_Sundia_group1_C12	
12124	Riluzole Analog_Sundia_group1_C13	
12125	Riluzole Analog_Sundia_group1_C14	
12126	Riluzole Analog_Sundia_group1_C15	
12127	Riluzole Analog_Sundia_group1_C16	
12128	Riluzole Analog_Sundia_group1_C17	
12129	Riluzole Analog_Sundia_group1_C18	
12130	Riluzole Analog_Sundia_group1_C19	
12131	Riluzole Analog_Sundia_group1_C20	
12132	Riluzole Analog_Sundia_group1_C21	
12133	Riluzole Analog_Sundia_group1_C22	
12134	Riluzole Analog_Sundia_group1_C23	
12135	Riluzole Analog_Sundia_group1_C24	
12136	PF06305591	
