D017209	Apoptosis
D002470	Cell Survival
C003528	5-androstene-3,17-dione
C071834	glycidamide
C025687	4-hydroxymephenytoin
C087837	7-hydroxywarfarin
D010300	Parkinson Disease
C018911	dibenzoanthracene-1,2-dihydrodiol
C534072	MIRN101 microRNA, human
C053003	S-phenyl-N-acetylcysteine
C097911	methiocarb sulfoxide
D016922	Cellular Senescence
C036139	norfluoxetine
C452229	chlorophenyl isocyanate
C502239	2-amino-1-methyl-6-phenolimidazo(4,5-b)pyridine-DNA adduct
D016764	Cell Polarity
C117710	4-hydroxy-4-(3-pyridyl)butanoic acid
D014158	Transcription, Genetic
C085470	2-amino-4-hydroxymethyl-3,8-dimethylimidazo(4,5-f)quinoxaline
C080580	O-demethyltramadol
D008070	Lipopolysaccharides
C545376	3-ketocholanoic acid
D053903	DNA Breaks, Double-Stranded
D009361	Neoplasm Invasiveness
D002248	Carbon Monoxide
D004260	DNA Repair
D005963	Glucosylceramides
D002453	Cell Cycle
D059016	Tumor Microenvironment
D058750	Epithelial-Mesenchymal Transition
C496215	radafaxine
D007249	Inflammation
C026486	1,2,5,6-dibenzanthracene
D011471	Prostatic Neoplasms
D061745	Antioxidant Response Elements
D016195	G2 Phase
C018912	dibenzoanthracene-3,4-dihydrodiol
D000375	Aging
C028657	3-methoxymorphinan
D000068878	Trastuzumab
C440780	mono-N-desethylamiodarone
D014176	Protein Biosynthesis
C580748	hydroxybupropion
C060974	phosphatidylinositol 3,4,5-triphosphate
D053078	Membrane Potential, Mitochondrial
D010778	Photochemotherapy
D016193	G1 Phase
D049109	Cell Proliferation
C039685	Ro 03-7410
D048708	Cell Growth Processes
C017228	benzo(a)pyrene 7,8-dihydrodiol
D042822	Genomic Instability
D014411	Neoplastic Stem Cells
C081015	4-fluoro-N-methylaniline
C039289	6-hydroxychlorzoxazone
D002454	Cell Differentiation
D016923	Cell Death
C077584	2-amino-1-methyl-6-(4-hydroxyphenyl)imidazo(4,5-b)pyridine
D010716	Phosphatidylinositols
C117711	4-oxo-4-(3-pyridyl)butanoic acid
D001343	Autophagy
C023492	alpha-methyldopamine
C056033	7-ethoxy-4-trifluoromethylcoumarin
C077580	7-(deoxyadenosin-N(6)-yl)aristolactam I
D013860	Thiocholine
D002448	Cell Adhesion
C051268	2-hydroxychavicol
D060833	Cellular Microenvironment
C008091	6-hydroxywarfarin
C545880	4,5-dihydropyrazole-1,5-dicarboxylic acid 1-((4-chlorophenyl)-amide) 5-(2-oxo-2H-(1,3')bipyridinyl-6'-yl)-amide
D000249	Adenosine Monophosphate
D044127	Epigenesis, Genetic
C068040	quinone methide
C482281	4-hydroxy-1-(3-pyridyl)-1-butanone
D002465	Cell Movement
C084236	7-hydroxy-4-trifluoromethylcoumarin
D003094	Collagen
D009362	Neoplasm Metastasis
D009101	Multiple Myeloma
D015398	Signal Transduction
D059767	Recombinational DNA Repair
D054709	Lecithins
D020719	Glucuronides
C012376	1'-hydroxysafrole
C093872	2-chloro-N-(2,6-diethylphenyl)acetamide
D009336	Necrosis
D004705	Endocytosis
C054116	norlevorphanol
D011839	Radiation, Ionizing
D063646	Carcinogenesis
C011008	15-ketoprostaglandin E
C558664	dibenzylfluorescein
D000650	Amnion
C023505	2',5'-oligoadenylate
D055153	Stem Cell Niche
D015104	3,4-Methylenedioxyamphetamine
C024581	N-desmethylclobazam
C036990	2-amino-3,8-dimethylimidazo(4,5-f)quinoxaline
C120605	7-methoxy-4-(aminomethyl)coumarin
D008715	Methionine
D008660	Metabolism
D006019	Glycolysis
C486136	16-O-demethylaconitine
D015687	Cell Hypoxia
D004249	DNA Damage
